Words,Frequency,Rank
the,4844,1
and,4672,2
was,2385,3
her,2381,4
not,2101,5
she,1778,6
that,1730,7
you,1677,8
had,1606,9
for,1321,10
have,1301,11
with,1187,12
very,1151,13
but,1148,14
his,1088,15
Emma,865,16
all,835,17
could,825,18
would,815,19
been,759,20
him,758,21
Mrs,699,22
any,651,23
Miss,592,24
were,591,25
must,564,26
She,562,27
will,559,28
which,552,29
from,535,30
Harriet,506,31
said,484,32
much,478,33
more,464,34
are,447,35
such,440,36
Weston,439,37
what,434,38
them,432,39
there,420,40
this,418,41
than,415,42
one,413,43
every,398,44
thing,398,45
they,392,46
Knightley,389,47
Elton,385,48
think,380,49
should,366,50
The,357,51
being,356,52
little,354,53
never,347,54
good,340,55
your,337,56
know,337,57
did,335,58
only,327,59
might,322,60
well,315,61
Woodhouse,313,62
when,312,63
say,308,64
You,303,65
own,301,66
Jane,301,67
their,297,68
But,293,69
who,281,70
herself,279,71
now,273,72
time,272,73
can,270,74
quite,269,75
how,263,76
great,263,77
too,253,78
some,248,79
about,246,80
most,243,81
has,243,82
before,243,83
Fairfax,241,84
nothing,237,85
always,235,86
man,233,87
thought,226,88
And,224,89
Churchill,223,90
soon,221,91
see,220,92
other,220,93
again,219,94
dear,217,95
may,213,96
out,212,97
shall,212,98
without,211,99
first,209,100
Frank,208,101
father,207,102
sure,204,103
made,199,104
like,199,105
body,193,106
day,190,107
young,190,108
ever,189,109
indeed,181,110
friend,177,111
two,171,112
though,169,113
better,166,114
into,163,115
Hartfield,160,116
just,159,117
come,159,118
give,157,119
way,155,120
really,153,121
make,152,122
then,150,123
Bates,148,124
They,148,125
himself,146,126
having,145,127
rather,145,128
long,144,129
hope,143,130
done,142,131
seemed,141,132
after,140,133
over,139,134
cannot,138,135
away,138,136
wish,134,137
upon,133,138
many,133,139
here,133,140
home,130,141
enough,129,142
woman,129,143
There,129,144
mind,128,145
Highbury,125,146
does,125,147
happy,122,148
even,122,149
moment,120,150
heard,120,151
last,119,152
came,119,153
its,118,154
going,118,155
room,117,156
love,117,157
half,116,158
look,116,159
take,116,160
pleasure,114,161
however,114,162
felt,113,163
while,113,164
sort,112,165
morning,110,166
letter,109,167
still,109,168
How,108,169
This,108,170
saw,108,171
another,106,172
poor,106,173
few,106,174
yet,106,175
something,105,176
myself,102,177
What,102,178
feelings,102,179
same,102,180
believe,101,181
hear,100,182
idea,100,183
off,99,184
speak,99,185
doubt,98,186
subject,97,187
party,96,188
evening,96,189
feel,95,190
house,95,191
till,95,192
ought,94,193
word,94,194
people,93,195
place,92,196
found,92,197
right,92,198
deal,92,199
looked,91,200
John,90,201
often,90,202
Randalls,90,203
certainly,90,204
present,89,205
Smith,89,206
want,89,207
our,89,208
coming,89,209
knew,88,210
Her,88,211
Yes,88,212
those,87,213
almost,87,214
Well,86,215
visit,86,216
Martin,85,217
old,85,218
best,85,219
least,85,220
possible,84,221
both,83,222
hour,83,223
once,82,224
friends,82,225
kind,82,226
together,81,227
world,81,228
cried,81,229
perhaps,81,230
life,80,231
else,80,232
Perry,80,233
suppose,80,234
gone,79,235
replied,79,236
told,78,237
family,77,238
given,77,239
whole,76,240
That,76,241
happiness,76,242
obliged,76,243
manner,75,244
wanted,75,245
find,74,246
seen,73,247
tell,73,248
ill,72,249
lady,72,250
mother,72,251
able,72,252
side,71,253
hardly,71,254
where,71,255
whom,71,256
opinion,71,257
between,71,258
down,70,259
far,70,260
looking,69,261
Isabella,69,262
carriage,69,263
less,68,264
wife,68,265
understand,68,266
three,68,267
left,68,268
back,67,269
short,67,270
person,67,271
get,67,272
part,66,273
heart,66,274
ready,66,275
talked,66,276
pretty,66,277
towards,65,278
afraid,65,279
extremely,65,280
perfectly,65,281
comfort,65,282
let,64,283
situation,64,284
general,64,285
answer,64,286
began,64,287
spirits,64,288
sir,63,289
put,63,290
nor,63,291
since,63,292
set,63,293
marry,63,294
next,63,295
therefore,62,296
daughter,62,297
either,61,298
Cole,61,299
sorry,61,300
whether,61,301
change,61,302
course,61,303
under,61,304
through,61,305
talk,60,306
others,60,307
things,60,308
thinking,60,309
known,60,310
true,60,311
Goddard,59,312
superior,59,313
account,59,314
mean,59,315
longer,59,316
attention,59,317
children,59,318
dare,59,319
assure,59,320
bad,58,321
taken,58,322
equal,57,323
years,57,324
His,57,325
aunt,56,326
making,56,327
degree,56,328
yourself,56,329
sense,56,330
state,56,331
return,56,332
feeling,56,333
passed,55,334
name,55,335
walk,55,336
business,54,337
brother,54,338
cold,54,339
gave,54,340
nobody,54,341
leave,54,342
brought,54,343
imagine,53,344
because,53,345
minutes,53,346
hand,53,347
manners,52,348
talking,52,349
beyond,52,350
walked,52,351
bear,51,352
natural,51,353
When,51,354
directly,51,355
care,51,356
eyes,51,357
point,51,358
satisfied,51,359
seeing,51,360
saying,51,361
usual,51,362
among,51,363
exactly,51,364
Campbell,51,365
Very,51,366
agreeable,50,367
read,50,368
affection,50,369
glad,50,370
days,50,371
rest,50,372
words,49,373
Such,49,374
Donwell,49,375
used,49,376
appeared,49,377
wonder,49,378
Taylor,48,379
wished,48,380
means,48,381
these,48,382
society,48,383
attachment,48,384
dinner,47,385
voice,47,386
interest,47,387
girl,47,388
allow,47,389
pleased,47,390
door,47,391
took,47,392
each,46,393
against,46,394
went,46,395
near,46,396
giving,46,397
speaking,46,398
believed,46,399
son,46,400
likely,46,401
remember,45,402
already,45,403
walking,45,404
doing,45,405
air,45,406
London,45,407
Dixon,44,408
married,44,409
farther,44,410
smile,44,411
called,44,412
strong,44,413
full,44,414
meant,43,415
hoped,43,416
regard,43,417
ask,43,418
character,43,419
stay,43,420
ladies,42,421
proper,42,422
need,42,423
different,42,424
spoke,42,425
night,41,426
power,41,427
reason,41,428
real,41,429
call,41,430
respect,41,431
afterwards,41,432
five,41,433
fine,41,434
themselves,40,435
open,40,436
expected,40,437
kindness,40,438
sitting,40,439
allowed,40,440
early,40,441
beginning,40,442
head,40,443
particular,40,444
end,40,445
nature,40,446
One,39,447
delightful,39,448
help,39,449
returned,39,450
round,39,451
fond,39,452
entirely,39,453
weather,39,454
whose,39,455
Not,39,456
health,39,457
question,39,458
creature,39,459
pleasant,39,460
settled,39,461
object,39,462
meeting,39,463
child,38,464
letters,38,465
fancy,38,466
sit,38,467
fortune,38,468
continued,38,469
use,38,470
met,38,471
wrong,38,472
bring,38,473
Colonel,38,474
asked,38,475
impossible,38,476
thoughts,38,477
Every,37,478
added,37,479
sat,37,480
yes,37,481
sometimes,37,482
surprize,37,483
engaged,37,484
truth,37,485
handsome,37,486
convinced,37,487
seem,37,488
probably,36,489
meaning,36,490
determined,36,491
consider,36,492
Now,36,493
Enscombe,36,494
forward,36,495
received,36,496
new,36,497
temper,36,498
got,36,499
appear,36,500
necessary,36,501
please,35,502
company,35,503
taste,35,504
large,35,505
news,35,506
gentleman,35,507
supposed,35,508
morrow,34,509
common,34,510
husband,34,511
marriage,34,512
amiable,34,513
obliging,34,514
pain,33,515
perfect,33,516
acquainted,33,517
why,33,518
wanting,33,519
sister,33,520
evil,33,521
sent,33,522
excellent,33,523
absolutely,32,524
ago,32,525
keep,32,526
hearing,32,527
dancing,32,528
meet,32,529
matter,32,530
surprized,32,531
neither,32,532
match,32,533
Robert,32,534
face,32,535
says,31,536
case,31,537
persuaded,31,538
spoken,31,539
Abbey,31,540
except,31,541
begin,31,542
danger,31,543
praise,31,544
Maple,31,545
eye,31,546
compliment,31,547
engagement,31,548
smiling,31,549
yesterday,31,550
Grove,31,551
second,31,552
ball,31,553
resolution,31,554
With,30,555
worth,30,556
months,30,557
small,30,558
fair,30,559
knows,30,560
Poor,30,561
twenty,30,562
anxious,30,563
drawing,30,564
warm,30,565
pass,30,566
serious,30,567
difference,30,568
papa,30,569
appearance,30,570
difficulty,30,571
followed,29,572
greater,29,573
within,29,574
cheerful,29,575
merely,29,576
gratitude,29,577
turned,29,578
judgment,29,579
delighted,29,580
men,29,581
greatest,29,582
beauty,29,583
attentions,29,584
week,29,585
looks,29,586
four,29,587
charming,29,588
resolved,28,589
times,28,590
shew,28,591
occasion,28,592
worse,28,593
ten,28,594
forget,28,595
taking,28,596
turn,28,597
ashamed,28,598
easy,28,599
year,28,600
curiosity,28,601
clever,27,602
happened,27,603
advantage,27,604
decided,27,605
parties,27,606
style,27,607
spirit,27,608
conduct,27,609
Your,27,610
notice,27,611
companion,27,612
alone,27,613
loved,27,614
table,27,615
view,27,616
honour,27,617
actually,27,618
none,27,619
mentioned,26,620
late,26,621
odd,26,622
marrying,26,623
completely,26,624
Upon,26,625
knowing,26,626
fortunate,26,627
pity,26,628
knowledge,26,629
For,26,630
excuse,26,631
certain,26,632
sight,26,633
friendship,26,634
Let,26,635
aware,26,636
tried,26,637
Campbells,26,638
plan,26,639
favour,26,640
regret,26,641
horses,25,642
led,25,643
quarter,25,644
Crown,25,645
distance,25,646
vain,25,647
instrument,25,648
sad,25,649
struck,25,650
hours,25,651
sake,25,652
judge,25,653
sensible,25,654
guess,25,655
quiet,25,656
lived,25,657
attached,25,658
pay,25,659
behaviour,25,660
mine,25,661
silent,25,662
comes,24,663
tone,24,664
gentlemen,24,665
influence,24,666
also,24,667
tea,24,668
admiration,24,669
fact,24,670
generally,24,671
event,24,672
highly,24,673
hurry,24,674
music,24,675
written,24,676
spite,24,677
entered,24,678
country,24,679
especially,24,680
justice,24,681
standing,24,682
seems,24,683
turning,24,684
write,24,685
instead,24,686
thank,24,687
became,23,688
note,23,689
favourite,23,690
chuse,23,691
send,23,692
town,23,693
hands,23,694
join,23,695
summer,23,696
due,23,697
trying,23,698
loss,23,699
scheme,23,700
purpose,23,701
Dear,23,702
self,23,703
thinks,23,704
beautiful,23,705
understood,23,706
Henry,23,707
blush,22,708
proof,22,709
Eltons,22,710
answered,22,711
elegant,22,712
observed,22,713
mistaken,22,714
couple,22,715
enjoyment,22,716
plain,22,717
caught,22,718
quick,22,719
whenever,22,720
age,22,721
telling,22,722
claims,22,723
rain,22,724
altogether,22,725
Why,22,726
William,22,727
pleasing,22,728
service,22,729
sweet,22,730
kept,22,731
work,22,732
dance,22,733
wait,22,734
pianoforte,22,735
Indeed,21,736
disposed,21,737
hopes,21,738
safe,21,739
scarcely,21,740
stand,21,741
likeness,21,742
weeks,21,743
picture,21,744
delight,21,745
try,21,746
invitation,21,747
lately,21,748
duty,21,749
After,21,750
secret,21,751
suspect,21,752
useful,21,753
deserve,21,754
observe,21,755
Here,21,756
command,21,757
spent,21,758
uncle,21,759
lost,21,760
promise,21,761
niece,21,762
While,20,763
recommend,20,764
charade,20,765
connexion,20,766
imagined,20,767
otherwise,20,768
hers,20,769
past,20,770
reasonable,20,771
wishes,20,772
presently,20,773
important,20,774
dearest,20,775
intimacy,20,776
fortnight,20,777
fixed,20,778
attempt,20,779
suspicion,20,780
agreed,20,781
silence,20,782
expect,20,783
fault,20,784
smallest,20,785
chance,20,786
complete,20,787
ease,20,788
sudden,20,789
single,19,790
recollect,19,791
offer,19,792
behind,19,793
Bath,19,794
tired,19,795
anxiety,19,796
makes,19,797
Hill,19,798
thoroughly,19,799
thrown,19,800
delay,19,801
sigh,19,802
paid,19,803
safely,19,804
Nobody,19,805
women,19,806
move,19,807
road,19,808
calling,19,809
Hawkins,19,810
mention,19,811
Nothing,19,812
wrote,19,813
hint,19,814
forgotten,19,815
James,19,816
worst,19,817
speech,19,818
form,19,819
passing,19,820
Then,19,821
Have,19,822
lose,19,823
considered,19,824
eager,19,825
unhappy,19,826
distress,19,827
joy,18,828
busy,18,829
rate,18,830
amused,18,831
listen,18,832
severe,18,833
reflection,18,834
lines,18,835
occurred,18,836
equally,18,837
finding,18,838
friendly,18,839
desirable,18,840
close,18,841
high,18,842
Had,18,843
credit,18,844
Perhaps,18,845
simple,18,846
law,18,847
period,18,848
circle,18,849
Box,18,850
play,18,851
concern,18,852
charge,18,853
worthy,18,854
angry,18,855
Good,18,856
effect,18,857
arrived,18,858
spend,18,859
pride,18,860
These,18,861
rational,18,862
low,18,863
humour,17,864
dreadful,17,865
growing,17,866
repeated,17,867
promised,17,868
regular,17,869
wedding,17,870
possibly,17,871
warmly,17,872
views,17,873
dislike,17,874
However,17,875
live,17,876
Did,17,877
stopped,17,878
remained,17,879
wishing,17,880
smiled,17,881
slight,17,882
inferior,17,883
run,17,884
gives,17,885
laughing,17,886
living,17,887
miles,17,888
history,17,889
returning,17,890
exercise,17,891
Weymouth,17,892
prevent,17,893
shewed,17,894
alarm,17,895
ourselves,17,896
confidence,17,897
Coles,17,898
joined,17,899
future,16,900
cause,16,901
listened,16,902
agitation,16,903
proved,16,904
amusement,16,905
fire,16,906
admired,16,907
depend,16,908
mere,16,909
ideas,16,910
opened,16,911
Thank,16,912
Where,16,913
arm,16,914
fully,16,915
education,16,916
laughed,16,917
waiting,16,918
neighbours,16,919
thousand,16,920
getting,16,921
intended,16,922
occupied,16,923
laugh,16,924
ways,16,925
whatever,16,926
conviction,16,927
office,16,928
gentle,16,929
liked,16,930
suffering,16,931
Ford,16,932
refuse,16,933
welcome,16,934
cut,16,935
delicacy,16,936
line,16,937
trouble,16,938
minute,16,939
snow,16,940
reached,16,941
elegance,16,942
during,16,943
seriously,16,944
apples,15,945
reading,15,946
interested,15,947
itself,15,948
confusion,15,949
Pray,15,950
grateful,15,951
invited,15,952
happily,15,953
prepared,15,954
value,15,955
act,15,956
assured,15,957
express,15,958
ground,15,959
cure,15,960
chosen,15,961
dine,15,962
anywhere,15,963
drawn,15,964
Churchills,15,965
mistake,15,966
hundred,15,967
placed,15,968
belong,15,969
gratified,15,970
rooms,15,971
opening,15,972
totally,15,973
nonsense,15,974
concerned,15,975
agree,15,976
tolerably,15,977
nephew,15,978
stood,15,979
share,15,980
comprehend,15,981
Only,14,982
nearly,14,983
besides,14,984
endeavour,14,985
visits,14,986
favourable,14,987
required,14,988
reply,14,989
fears,14,990
absence,14,991
Suckling,14,992
following,14,993
easily,14,994
assistance,14,995
infinitely,14,996
musical,14,997
order,14,998
persuade,14,999
spring,14,1000
passage,14,1001
consent,14,1002
suspected,14,1003
remain,14,1004
caution,14,1005
master,14,1006
writing,14,1007
instantly,14,1008
habit,14,1009
catch,14,1010
receiving,14,1011
naturally,14,1012
hair,14,1013
fresh,14,1014
utmost,14,1015
Can,14,1016
Ireland,14,1017
staying,14,1018
rich,14,1019
produced,14,1020
escape,14,1021
sea,14,1022
powers,14,1023
immediate,14,1024
hold,14,1025
Some,14,1026
strange,14,1027
story,14,1028
tender,14,1029
smiles,14,1030
servants,14,1031
merit,14,1032
proposed,14,1033
deep,14,1034
advice,14,1035
window,13,1036
Who,13,1037
Quite,13,1038
harm,13,1039
month,13,1040
Larkins,13,1041
objection,13,1042
prospect,13,1043
stop,13,1044
Richmond,13,1045
boy,13,1046
blind,13,1047
assist,13,1048
bed,13,1049
expecting,13,1050
around,13,1051
confess,13,1052
light,13,1053
willing,13,1054
fast,13,1055
fit,13,1056
arrival,13,1057
vanity,13,1058
public,13,1059
solicitude,13,1060
winter,13,1061
suit,13,1062
paper,13,1063
evidently,13,1064
piece,13,1065
Martins,13,1066
sensations,13,1067
civil,13,1068
suffer,13,1069
seldom,13,1070
appears,13,1071
bride,13,1072
Was,13,1073
burst,13,1074
proceeded,13,1075
admitted,13,1076
strength,13,1077
attend,13,1078
Come,13,1079
hearted,13,1080
unpleasant,13,1081
Aye,13,1082
wonderful,13,1083
judged,13,1084
former,13,1085
Nash,13,1086
parting,13,1087
follow,13,1088
endure,13,1089
suspicions,13,1090
leisure,13,1091
post,13,1092
avoid,13,1093
girls,13,1094
boys,13,1095
compassion,13,1096
complexion,12,1097
misery,12,1098
gallantry,12,1099
melancholy,12,1100
settle,12,1101
hard,12,1102
material,12,1103
clear,12,1104
size,12,1105
separate,12,1106
lead,12,1107
parlour,12,1108
desired,12,1109
frightened,12,1110
moments,12,1111
glance,12,1112
Patty,12,1113
formed,12,1114
seated,12,1115
earnestly,12,1116
silly,12,1117
increase,12,1118
declare,12,1119
sooner,12,1120
decidedly,12,1121
fancying,12,1122
feared,12,1123
drive,12,1124
Vicarage,12,1125
thorough,12,1126
awkward,12,1127
finished,12,1128
impatient,12,1129
private,12,1130
folly,12,1131
sound,12,1132
Could,12,1133
recovered,12,1134
throat,12,1135
truly,12,1136
suffered,12,1137
thus,12,1138
proceed,12,1139
increased,12,1140
bye,12,1141
becoming,12,1142
induced,12,1143
inquiry,12,1144
wretched,12,1145
venture,12,1146
above,12,1147
breakfast,12,1148
begun,12,1149
arranged,12,1150
claim,12,1151
journey,12,1152
eat,12,1153
peace,12,1154
happen,12,1155
habits,12,1156
questions,12,1157
become,12,1158
importance,12,1159
advantages,12,1160
sisters,12,1161
break,12,1162
dining,12,1163
spare,12,1164
grandmama,12,1165
blessing,12,1166
school,12,1167
preference,12,1168
touch,12,1169
exclaimed,12,1170
doors,12,1171
highest,11,1172
pork,11,1173
comparison,11,1174
forced,11,1175
uneasy,11,1176
add,11,1177
invite,11,1178
pray,11,1179
faults,11,1180
subjects,11,1181
bringing,11,1182
keeping,11,1183
wit,11,1184
nervous,11,1185
book,11,1186
compared,11,1187
gallant,11,1188
partner,11,1189
youth,11,1190
laid,11,1191
maid,11,1192
remarkably,11,1193
Never,11,1194
kindly,11,1195
message,11,1196
fear,11,1197
accept,11,1198
exploring,11,1199
Will,11,1200
paying,11,1201
mile,11,1202
madam,11,1203
borne,11,1204
sufficient,11,1205
dependence,11,1206
Christmas,11,1207
Certainly,11,1208
secured,11,1209
points,11,1210
raise,11,1211
beg,11,1212
Mill,11,1213
excepting,11,1214
closed,11,1215
confined,11,1216
Square,11,1217
conscious,11,1218
behaved,11,1219
advise,11,1220
scruple,11,1221
wants,11,1222
cared,11,1223
steady,11,1224
disengaged,11,1225
reserve,11,1226
step,11,1227
carriages,11,1228
pause,11,1229
humble,11,1230
extreme,11,1231
street,11,1232
lay,11,1233
patience,11,1234
continue,11,1235
tells,11,1236
From,11,1237
companions,11,1238
connected,11,1239
Brunswick,11,1240
lively,11,1241
mistress,11,1242
wholly,11,1243
affections,11,1244
hot,11,1245
somebody,11,1246
miserable,11,1247
families,11,1248
persuasion,11,1249
persons,11,1250
entreat,11,1251
eagerly,11,1252
mad,11,1253
dream,11,1254
garden,11,1255
quarrel,11,1256
warmth,11,1257
chair,11,1258
places,11,1259
judging,11,1260
succeeded,11,1261
prove,11,1262
thanks,11,1263
luck,11,1264
seat,11,1265
lovely,11,1266
occur,10,1267
matters,10,1268
honourable,10,1269
peculiarly,10,1270
moving,10,1271
higher,10,1272
tall,10,1273
grew,10,1274
absent,10,1275
Smallridge,10,1276
tempted,10,1277
Selina,10,1278
necessity,10,1279
presume,10,1280
England,10,1281
employment,10,1282
sick,10,1283
putting,10,1284
happier,10,1285
uneasiness,10,1286
distant,10,1287
fell,10,1288
deserved,10,1289
ordered,10,1290
liberal,10,1291
memory,10,1292
safety,10,1293
felicity,10,1294
forming,10,1295
grow,10,1296
charm,10,1297
shewn,10,1298
lucky,10,1299
cross,10,1300
direct,10,1301
evils,10,1302
removed,10,1303
gradually,10,1304
connexions,10,1305
apparent,10,1306
draw,10,1307
dared,10,1308
intimate,10,1309
certainty,10,1310
positively,10,1311
middle,10,1312
parted,10,1313
court,10,1314
civility,10,1315
conveyed,10,1316
fall,10,1317
preferred,10,1318
resources,10,1319
accepted,10,1320
pains,10,1321
properly,10,1322
success,10,1323
inquiries,10,1324
All,10,1325
proposal,10,1326
six,10,1327
expressed,10,1328
nice,10,1329
pretend,10,1330
report,10,1331
sentiment,10,1332
death,10,1333
deeply,10,1334
tempered,10,1335
attentive,10,1336
daily,10,1337
asking,10,1338
writes,10,1339
scruples,10,1340
Even,10,1341
money,10,1342
income,10,1343
refused,10,1344
admit,10,1345
syllable,10,1346
figure,10,1347
delicate,10,1348
distinct,10,1349
addition,10,1350
united,10,1351
unless,10,1352
agitated,10,1353
rule,10,1354
begged,10,1355
supper,10,1356
satisfy,10,1357
watch,10,1358
bustle,10,1359
sunk,10,1360
seeming,10,1361
eagerness,10,1362
Depend,10,1363
deceived,10,1364
human,10,1365
feels,10,1366
produce,10,1367
simplicity,10,1368
perceived,10,1369
perfection,10,1370
resolve,10,1371
Wingfield,10,1372
leaving,10,1373
grounds,10,1374
conceal,9,1375
quitted,9,1376
illness,9,1377
language,9,1378
playing,9,1379
choice,9,1380
collected,9,1381
Surry,9,1382
hesitation,9,1383
pretence,9,1384
relief,9,1385
sacrifice,9,1386
fancied,9,1387
visitor,9,1388
shewing,9,1389
fellow,9,1390
concerns,9,1391
hurrying,9,1392
inquire,9,1393
tears,9,1394
rank,9,1395
chose,9,1396
admire,9,1397
talent,9,1398
supply,9,1399
sink,9,1400
forty,9,1401
instance,9,1402
address,9,1403
soft,9,1404
civilities,9,1405
baked,9,1406
increasing,9,1407
card,9,1408
trifling,9,1409
doubtful,9,1410
ran,9,1411
reproach,9,1412
dull,9,1413
ignorant,9,1414
falling,9,1415
named,9,1416
enjoy,9,1417
pressed,9,1418
doubted,9,1419
horse,9,1420
plaister,9,1421
loves,9,1422
Don,9,1423
fix,9,1424
tolerable,9,1425
resumed,9,1426
pleasures,9,1427
turns,9,1428
opinions,9,1429
spectacles,9,1430
overcome,9,1431
receive,9,1432
gruel,9,1433
failed,9,1434
dread,9,1435
shame,9,1436
throw,9,1437
carrying,9,1438
continual,9,1439
beloved,9,1440
fairly,9,1441
prevented,9,1442
shake,9,1443
parish,9,1444
employed,9,1445
terms,9,1446
previous,9,1447
expression,9,1448
Their,9,1449
clock,9,1450
reserved,9,1451
intentions,9,1452
number,9,1453
trusted,9,1454
governess,9,1455
stopt,9,1456
liberty,9,1457
plans,9,1458
grown,9,1459
shut,9,1460
progress,9,1461
heavy,9,1462
valuable,9,1463
speaks,9,1464
addressing,9,1465
attended,9,1466
Were,9,1467
motive,9,1468
secure,9,1469
windows,9,1470
setting,9,1471
foolish,9,1472
held,9,1473
quietly,9,1474
convince,9,1475
quickness,9,1476
constantly,8,1477
discovery,8,1478
suited,8,1479
excuses,8,1480
dreadfully,8,1481
declined,8,1482
Kingston,8,1483
earnest,8,1484
amuse,8,1485
aloud,8,1486
cake,8,1487
warmest,8,1488
grace,8,1489
proud,8,1490
horror,8,1491
vulgar,8,1492
staid,8,1493
stronger,8,1494
cheerfully,8,1495
abroad,8,1496
entire,8,1497
propriety,8,1498
visiting,8,1499
Are,8,1500
danced,8,1501
mortified,8,1502
grieved,8,1503
grave,8,1504
water,8,1505
indulgence,8,1506
dangerous,8,1507
frequently,8,1508
depended,8,1509
Though,8,1510
observing,8,1511
temptation,8,1512
wise,8,1513
Bristol,8,1514
farmer,8,1515
offered,8,1516
larger,8,1517
evident,8,1518
mixture,8,1519
watched,8,1520
passion,8,1521
reconciled,8,1522
God,8,1523
English,8,1524
prospects,8,1525
displeased,8,1526
tongue,8,1527
encouraged,8,1528
houses,8,1529
takes,8,1530
principal,8,1531
afforded,8,1532
Westons,8,1533
conclusion,8,1534
enter,8,1535
pleasantly,8,1536
protest,8,1537
rose,8,1538
attraction,8,1539
Our,8,1540
precious,8,1541
decision,8,1542
carry,8,1543
played,8,1544
comforts,8,1545
older,8,1546
nearer,8,1547
apple,8,1548
several,8,1549
assurance,8,1550
dressed,8,1551
Something,8,1552
Those,8,1553
error,8,1554
talents,8,1555
tete,8,1556
offence,8,1557
entering,8,1558
resentment,8,1559
supposing,8,1560
introduced,8,1561
perceive,8,1562
parcel,8,1563
existence,8,1564
pardon,8,1565
Much,8,1566
South,8,1567
acceptable,8,1568
frequent,8,1569
sore,8,1570
exquisite,8,1571
coolly,8,1572
May,8,1573
attending,8,1574
leading,8,1575
missed,8,1576
ended,8,1577
conscience,8,1578
dress,8,1579
foot,8,1580
instant,8,1581
earlier,8,1582
eldest,8,1583
heat,8,1584
length,8,1585
describe,8,1586
hurried,8,1587
expressing,8,1588
Elizabeth,8,1589
Cox,8,1590
shook,8,1591
crowd,8,1592
hurt,8,1593
support,8,1594
cares,8,1595
watching,8,1596
natured,8,1597
End,8,1598
introduce,8,1599
acting,8,1600
neighbour,8,1601
Another,8,1602
Yorkshire,8,1603
shop,8,1604
symptoms,7,1605
trade,7,1606
announce,7,1607
broad,7,1608
flutter,7,1609
readily,7,1610
June,7,1611
hoping,7,1612
eating,7,1613
guests,7,1614
strongly,7,1615
precisely,7,1616
anger,7,1617
spot,7,1618
employ,7,1619
spared,7,1620
expense,7,1621
lives,7,1622
seven,7,1623
politeness,7,1624
unequal,7,1625
source,7,1626
destiny,7,1627
substance,7,1628
barouche,7,1629
alike,7,1630
guessed,7,1631
Tuesday,7,1632
parade,7,1633
forgive,7,1634
personal,7,1635
arise,7,1636
miss,7,1637
trust,7,1638
lover,7,1639
eight,7,1640
astonished,7,1641
induce,7,1642
reach,7,1643
blushed,7,1644
rendered,7,1645
front,7,1646
white,7,1647
detained,7,1648
merits,7,1649
blunder,7,1650
disparity,7,1651
Knightleys,7,1652
wealth,7,1653
features,7,1654
shock,7,1655
February,7,1656
treatment,7,1657
don,7,1658
contrary,7,1659
female,7,1660
sweetness,7,1661
peculiar,7,1662
across,7,1663
chiefly,7,1664
occupy,7,1665
blindness,7,1666
engage,7,1667
objects,7,1668
dances,7,1669
shade,7,1670
quickly,7,1671
alliance,7,1672
dark,7,1673
birth,7,1674
moved,7,1675
deny,7,1676
listening,7,1677
unwell,7,1678
offering,7,1679
sanguine,7,1680
composure,7,1681
cease,7,1682
apt,7,1683
Better,7,1684
approach,7,1685
schemes,7,1686
Exactly,7,1687
sincerely,7,1688
smooth,7,1689
shocked,7,1690
tiresome,7,1691
complaint,7,1692
brain,7,1693
thanked,7,1694
hastily,7,1695
endured,7,1696
upright,7,1697
escaped,7,1698
corner,7,1699
fallen,7,1700
removal,7,1701
apologies,7,1702
sentiments,7,1703
Two,7,1704
sixteen,7,1705
goodness,7,1706
numbers,7,1707
hitherto,7,1708
gardens,7,1709
domestic,7,1710
Before,7,1711
pair,7,1712
engaging,7,1713
coldness,7,1714
Saturday,7,1715
extent,7,1716
Till,7,1717
measure,7,1718
active,7,1719
happiest,7,1720
occasions,7,1721
unwilling,7,1722
opposite,7,1723
depends,7,1724
stir,7,1725
daughters,7,1726
steps,7,1727
impression,7,1728
hall,7,1729
partial,7,1730
forgetting,7,1731
require,7,1732
distinctly,7,1733
difficult,7,1734
improve,7,1735
ceremony,7,1736
errand,7,1737
Nay,7,1738
landau,7,1739
autumn,7,1740
enjoyed,7,1741
Bragge,7,1742
gown,7,1743
intention,7,1744
sending,7,1745
twelve,7,1746
greatly,7,1747
matrimony,7,1748
declared,7,1749
rivet,7,1750
bore,7,1751
affected,7,1752
taught,7,1753
Time,7,1754
alarmed,7,1755
indulge,7,1756
wherever,7,1757
spread,7,1758
denying,7,1759
moderate,7,1760
midst,7,1761
amusing,7,1762
Has,7,1763
save,6,1764
glow,6,1765
yards,6,1766
True,6,1767
bathing,6,1768
situations,6,1769
blessed,6,1770
vexation,6,1771
seek,6,1772
regrets,6,1773
depressed,6,1774
foreseen,6,1775
neat,6,1776
prompt,6,1777
Still,6,1778
crossed,6,1779
suspense,6,1780
hence,6,1781
season,6,1782
creating,6,1783
action,6,1784
fate,6,1785
slighted,6,1786
belonged,6,1787
remark,6,1788
joke,6,1789
unreserve,6,1790
charity,6,1791
cottage,6,1792
terror,6,1793
sought,6,1794
shaken,6,1795
submitted,6,1796
unjust,6,1797
meanwhile,6,1798
suggested,6,1799
talker,6,1800
force,6,1801
sun,6,1802
property,6,1803
unworthy,6,1804
finest,6,1805
envy,6,1806
wondering,6,1807
anxiously,6,1808
repent,6,1809
thin,6,1810
twice,6,1811
attempts,6,1812
skill,6,1813
drawback,6,1814
principles,6,1815
adjoining,6,1816
exclaim,6,1817
Just,6,1818
cautious,6,1819
professed,6,1820
humoured,6,1821
travel,6,1822
attack,6,1823
excited,6,1824
contrived,6,1825
church,6,1826
qualities,6,1827
doubts,6,1828
heartily,6,1829
penance,6,1830
longed,6,1831
creatures,6,1832
exertions,6,1833
directed,6,1834
vast,6,1835
conclude,6,1836
result,6,1837
rude,6,1838
slow,6,1839
notions,6,1840
meetings,6,1841
deserves,6,1842
various,6,1843
brilliant,6,1844
alarming,6,1845
Whenever,6,1846
amiss,6,1847
afford,6,1848
approved,6,1849
paused,6,1850
abominable,6,1851
fetch,6,1852
censure,6,1853
triumph,6,1854
latter,6,1855
rapidly,6,1856
wine,6,1857
Lane,6,1858
matches,6,1859
gipsies,6,1860
cool,6,1861
probable,6,1862
slowly,6,1863
rising,6,1864
ample,6,1865
liking,6,1866
tenderness,6,1867
exertion,6,1868
entreaties,6,1869
flow,6,1870
baby,6,1871
nerves,6,1872
ride,6,1873
Neither,6,1874
changed,6,1875
raised,6,1876
rejoice,6,1877
born,6,1878
neglect,6,1879
approve,6,1880
waited,6,1881
openly,6,1882
saved,6,1883
ventured,6,1884
social,6,1885
affair,6,1886
pace,6,1887
resolutely,6,1888
damp,6,1889
lace,6,1890
attempted,6,1891
blame,6,1892
weak,6,1893
courage,6,1894
plea,6,1895
leg,6,1896
purchase,6,1897
height,6,1898
prevailed,6,1899
condition,6,1900
provoking,6,1901
animation,6,1902
lips,6,1903
fever,6,1904
prefer,6,1905
capable,6,1906
urge,6,1907
guided,6,1908
opposing,6,1909
drew,6,1910
direction,6,1911
gentility,6,1912
warmer,6,1913
blessings,6,1914
respects,6,1915
ours,6,1916
disturbed,6,1917
ceased,6,1918
blunders,6,1919
misfortune,6,1920
sensation,6,1921
George,6,1922
inclined,6,1923
servant,6,1924
conceit,6,1925
whisper,6,1926
pressing,6,1927
risk,6,1928
authority,6,1929
goes,6,1930
Sucklings,6,1931
contented,6,1932
hints,6,1933
collection,6,1934
involved,6,1935
composed,6,1936
remembered,6,1937
betrayed,6,1938
gay,6,1939
accepting,6,1940
afternoon,6,1941
sinking,6,1942
plainly,6,1943
motives,6,1944
calmness,6,1945
constant,6,1946
Windsor,5,1947
convenient,5,1948
Look,5,1949
decide,5,1950
sorrowful,5,1951
spending,5,1952
promising,5,1953
refusal,5,1954
vicarage,5,1955
strongest,5,1956
Would,5,1957
Coxes,5,1958
retirement,5,1959
deficient,5,1960
restored,5,1961
trembling,5,1962
recover,5,1963
third,5,1964
noise,5,1965
selfish,5,1966
start,5,1967
Farm,5,1968
dirty,5,1969
riddle,5,1970
gained,5,1971
ostler,5,1972
convey,5,1973
Gilbert,5,1974
becomes,5,1975
grand,5,1976
acquit,5,1977
careful,5,1978
pattern,5,1979
bred,5,1980
boarder,5,1981
solemn,5,1982
downright,5,1983
study,5,1984
thankful,5,1985
pursuit,5,1986
lament,5,1987
abruptly,5,1988
modern,5,1989
losing,5,1990
mouth,5,1991
glancing,5,1992
feature,5,1993
altered,5,1994
possession,5,1995
rise,5,1996
stopping,5,1997
books,5,1998
commission,5,1999
animated,5,2000
momentary,5,2001
relate,5,2002
assurances,5,2003
stranger,5,2004
devoted,5,2005
shawl,5,2006
hasty,5,2007
chances,5,2008
goodwill,5,2009
succeeding,5,2010
obtained,5,2011
bit,5,2012
informed,5,2013
nay,5,2014
holds,5,2015
motion,5,2016
box,5,2017
cards,5,2018
formerly,5,2019
likes,5,2020
arrive,5,2021
continuing,5,2022
mischief,5,2023
nodding,5,2024
forgiven,5,2025
sympathy,5,2026
included,5,2027
black,5,2028
honoured,5,2029
sleeping,5,2030
catching,5,2031
affect,5,2032
quitting,5,2033
expose,5,2034
Otway,5,2035
containing,5,2036
finery,5,2037
die,5,2038
gravely,5,2039
oppose,5,2040
benefit,5,2041
remove,5,2042
unlike,5,2043
check,5,2044
noble,5,2045
succeed,5,2046
principle,5,2047
song,5,2048
fearful,5,2049
thoughtful,5,2050
resist,5,2051
suddenly,5,2052
safer,5,2053
softened,5,2054
suspecting,5,2055
steadily,5,2056
scene,5,2057
offers,5,2058
earth,5,2059
guard,5,2060
obligation,5,2061
wet,5,2062
contrast,5,2063
sweep,5,2064
ridiculous,5,2065
spruce,5,2066
nicely,5,2067
refrain,5,2068
wind,5,2069
justified,5,2070
accent,5,2071
rights,5,2072
trick,5,2073
correct,5,2074
raptures,5,2075
Most,5,2076
speedily,5,2077
class,5,2078
supplied,5,2079
later,5,2080
notion,5,2081
lane,5,2082
incessant,5,2083
candour,5,2084
answering,5,2085
confirmed,5,2086
liable,5,2087
mentioning,5,2088
faith,5,2089
system,5,2090
treated,5,2091
exception,5,2092
coachman,5,2093
assisted,5,2094
persuading,5,2095
horseback,5,2096
excellence,5,2097
propose,5,2098
powerful,5,2099
working,5,2100
procuring,5,2101
painful,5,2102
original,5,2103
shrubbery,5,2104
forth,5,2105
agreeably,5,2106
plenty,5,2107
decisive,5,2108
draught,5,2109
shape,5,2110
learn,5,2111
mortifying,5,2112
Does,5,2113
approached,5,2114
shocking,5,2115
loud,5,2116
seclusion,5,2117
presumed,5,2118
Hodges,5,2119
privilege,5,2120
outward,5,2121
travelling,5,2122
Nonsense,5,2123
article,5,2124
evenings,5,2125
ear,5,2126
remains,5,2127
sofa,5,2128
chat,5,2129
relieved,5,2130
interval,5,2131
kinder,5,2132
singing,5,2133
Many,5,2134
sighing,5,2135
horrible,5,2136
effects,5,2137
grief,5,2138
example,5,2139
manage,5,2140
variety,5,2141
regretted,5,2142
club,5,2143
visitors,5,2144
pencil,5,2145
distressed,5,2146
seized,5,2147
admirer,5,2148
flatter,5,2149
guessing,5,2150
dearer,5,2151
honest,5,2152
hesitated,5,2153
appearing,5,2154
betray,5,2155
Little,5,2156
drinking,5,2157
boiled,5,2158
prudence,5,2159
owed,5,2160
compose,5,2161
attach,5,2162
sex,5,2163
cordial,5,2164
thousands,5,2165
thirty,5,2166
impatience,5,2167
announced,5,2168
despair,5,2169
Shall,5,2170
discussion,5,2171
consult,5,2172
wholesome,5,2173
blood,5,2174
Somebody,5,2175
negligent,5,2176
sufferings,5,2177
free,5,2178
phrase,5,2179
jealousy,5,2180
unusual,5,2181
native,5,2182
avoiding,5,2183
abundance,5,2184
cutting,5,2185
November,5,2186
exciting,5,2187
pointed,5,2188
January,5,2189
thick,5,2190
Bateses,5,2191
visited,5,2192
boot,5,2193
conceive,5,2194
repetition,5,2195
allowing,5,2196
exert,5,2197
barely,5,2198
prosperous,5,2199
disgust,5,2200
retired,5,2201
imprudent,5,2202
apology,5,2203
calls,5,2204
sincere,5,2205
September,5,2206
moreover,5,2207
beds,5,2208
relative,5,2209
lower,5,2210
fashion,5,2211
encounter,5,2212
mutual,5,2213
lasting,5,2214
calm,5,2215
fail,5,2216
dignity,5,2217
angel,5,2218
described,5,2219
slightest,5,2220
somehow,5,2221
praised,5,2222
affairs,5,2223
entrance,5,2224
resent,5,2225
carried,5,2226
gratefully,5,2227
arriving,5,2228
defer,5,2229
mixed,5,2230
gates,5,2231
requires,5,2232
effort,5,2233
provided,5,2234
preparing,5,2235
occasioned,4,2236
residence,4,2237
spoiled,4,2238
belonging,4,2239
whist,4,2240
amazed,4,2241
blushing,4,2242
trifle,4,2243
yours,4,2244
likewise,4,2245
amazing,4,2246
double,4,2247
offended,4,2248
tempt,4,2249
confession,4,2250
ribbon,4,2251
considers,4,2252
stairs,4,2253
request,4,2254
killed,4,2255
vexed,4,2256
touched,4,2257
promises,4,2258
basin,4,2259
graciously,4,2260
repeatedly,4,2261
meadows,4,2262
exclaiming,4,2263
flattery,4,2264
settling,4,2265
security,4,2266
approving,4,2267
hesitate,4,2268
indulged,4,2269
acted,4,2270
Astley,4,2271
quit,4,2272
invalid,4,2273
operation,4,2274
finish,4,2275
gain,4,2276
fame,4,2277
hears,4,2278
owned,4,2279
indulging,4,2280
quantity,4,2281
granted,4,2282
cruel,4,2283
driving,4,2284
inequality,4,2285
activity,4,2286
destroy,4,2287
Consider,4,2288
idle,4,2289
opposed,4,2290
proportion,4,2291
meal,4,2292
rejected,4,2293
chaise,4,2294
narrow,4,2295
counsel,4,2296
clearness,4,2297
concluding,4,2298
unfit,4,2299
argument,4,2300
agreeing,4,2301
surmise,4,2302
trial,4,2303
path,4,2304
perception,4,2305
cooler,4,2306
bend,4,2307
equality,4,2308
somewhat,4,2309
wondered,4,2310
misconduct,4,2311
popularity,4,2312
charades,4,2313
Leave,4,2314
hesitating,4,2315
writer,4,2316
naivete,4,2317
enjoying,4,2318
glimpse,4,2319
addressed,4,2320
gets,4,2321
pays,4,2322
amazement,4,2323
recovering,4,2324
relations,4,2325
gloves,4,2326
teach,4,2327
unfair,4,2328
Three,4,2329
Ever,4,2330
improper,4,2331
imaginary,4,2332
gaiety,4,2333
threatened,4,2334
usually,4,2335
explain,4,2336
sickly,4,2337
plays,4,2338
inducement,4,2339
confused,4,2340
mystery,4,2341
Wright,4,2342
preserved,4,2343
remiss,4,2344
trees,4,2345
minds,4,2346
fatigued,4,2347
related,4,2348
fortitude,4,2349
denial,4,2350
space,4,2351
concealing,4,2352
tendency,4,2353
gate,4,2354
separation,4,2355
along,4,2356
promoted,4,2357
ones,4,2358
tree,4,2359
destined,4,2360
measles,4,2361
complain,4,2362
tranquil,4,2363
exposed,4,2364
accounts,4,2365
headache,4,2366
Augusta,4,2367
generosity,4,2368
ignorance,4,2369
injured,4,2370
walks,4,2371
Woodhouses,4,2372
thither,4,2373
exultation,4,2374
solicitous,4,2375
lawn,4,2376
shoes,4,2377
balls,4,2378
wives,4,2379
pushed,4,2380
entreated,4,2381
promote,4,2382
cheeks,4,2383
unaffected,4,2384
dwelt,4,2385
dozen,4,2386
cheer,4,2387
beer,4,2388
reaching,4,2389
prompted,4,2390
assuming,4,2391
key,4,2392
ballroom,4,2393
eighteen,4,2394
flattered,4,2395
subsequent,4,2396
maintained,4,2397
husbands,4,2398
permitted,4,2399
procure,4,2400
level,4,2401
unwelcome,4,2402
formal,4,2403
ungracious,4,2404
uncommon,4,2405
October,4,2406
discretion,4,2407
prevail,4,2408
bloom,4,2409
insensible,4,2410
blank,4,2411
truths,4,2412
oftener,4,2413
perplexity,4,2414
blue,4,2415
wiser,4,2416
series,4,2417
charmingly,4,2418
declining,4,2419
collecting,4,2420
unknown,4,2421
welcomed,4,2422
delays,4,2423
Tell,4,2424
explore,4,2425
extensive,4,2426
bid,4,2427
shortly,4,2428
pale,4,2429
prize,4,2430
Bless,4,2431
assembled,4,2432
insolent,4,2433
generous,4,2434
tear,4,2435
intending,4,2436
complaints,4,2437
additional,4,2438
artless,4,2439
graceful,4,2440
blinded,4,2441
whispering,4,2442
hazard,4,2443
moderately,4,2444
parents,4,2445
varied,4,2446
Humph,4,2447
Stokes,4,2448
producing,4,2449
according,4,2450
discovered,4,2451
origin,4,2452
causes,4,2453
yield,4,2454
somewhere,4,2455
fruit,4,2456
positive,4,2457
valued,4,2458
Heaven,4,2459
estate,4,2460
nine,4,2461
beforehand,4,2462
farm,4,2463
privations,4,2464
Within,4,2465
chuses,4,2466
Men,4,2467
dwell,4,2468
regarded,4,2469
amount,4,2470
stupid,4,2471
directions,4,2472
contrive,4,2473
Part,4,2474
perpetual,4,2475
injustice,4,2476
brothers,4,2477
proceeding,4,2478
hate,4,2479
concluded,4,2480
presence,4,2481
resolving,4,2482
rightly,4,2483
design,4,2484
attendance,4,2485
drawings,4,2486
committed,4,2487
nights,4,2488
weight,4,2489
union,4,2490
lessen,4,2491
bank,4,2492
punishment,4,2493
determine,4,2494
avoided,4,2495
charitable,4,2496
conceited,4,2497
handsomely,4,2498
restore,4,2499
entertain,4,2500
Which,4,2501
sing,4,2502
proving,4,2503
aside,4,2504
fewer,4,2505
proofs,4,2506
indebted,4,2507
compare,4,2508
materially,4,2509
luxury,4,2510
senses,4,2511
inferred,4,2512
consulted,4,2513
airing,4,2514
unlikely,4,2515
witnessed,4,2516
Might,4,2517
Whatever,4,2518
provide,4,2519
shaking,4,2520
rid,4,2521
died,4,2522
deserving,4,2523
dropt,4,2524
ungrateful,4,2525
objections,4,2526
implied,4,2527
unexpected,4,2528
throughout,4,2529
whims,4,2530
amends,4,2531
exceed,4,2532
sized,4,2533
inviting,4,2534
requisite,4,2535
welfare,4,2536
unlucky,4,2537
quarrelled,4,2538
reverse,4,2539
subdued,4,2540
below,4,2541
kingdom,4,2542
slave,4,2543
disdain,4,2544
flattering,4,2545
bow,4,2546
boasted,4,2547
brings,4,2548
sentence,4,2549
longing,4,2550
apparently,4,2551
improved,4,2552
suitable,4,2553
elder,4,2554
basket,4,2555
talks,4,2556
labour,4,2557
advance,4,2558
handed,4,2559
Its,4,2560
mild,4,2561
confessing,4,2562
running,4,2563
Cannot,4,2564
sincerity,4,2565
errors,4,2566
occupation,4,2567
eligible,4,2568
zeal,4,2569
experience,4,2570
steadiness,4,2571
firm,4,2572
questioned,4,2573
pounds,4,2574
mix,4,2575
model,4,2576
contained,4,2577
denied,4,2578
nephews,4,2579
marries,4,2580
cleared,4,2581
dry,4,2582
striking,4,2583
downstairs,4,2584
deemed,4,2585
allowable,4,2586
exact,4,2587
deficiency,4,2588
train,4,2589
Irish,4,2590
examining,4,2591
consulting,4,2592
maintain,4,2593
alertness,4,2594
madness,4,2595
December,4,2596
colour,4,2597
speeches,4,2598
intently,4,2599
liveliness,4,2600
inevitable,4,2601
colds,4,2602
reception,4,2603
announcing,4,2604
inquiring,4,2605
roast,4,2606
deaf,4,2607
latest,4,2608
scrupulous,4,2609
crisis,4,2610
disagree,4,2611
supplanted,4,2612
discover,4,2613
irritation,4,2614
alter,4,2615
utter,4,2616
youngest,4,2617
advised,4,2618
cordially,4,2619
fondly,4,2620
sanction,4,2621
happening,4,2622
fireside,4,2623
surrounded,4,2624
divided,4,2625
arose,4,2626
foundation,3,2627
sober,3,2628
portion,3,2629
familiar,3,2630
forlorn,3,2631
esteem,3,2632
actual,3,2633
apart,3,2634
entitled,3,2635
colours,3,2636
supplying,3,2637
built,3,2638
wisest,3,2639
palpably,3,2640
grant,3,2641
occurrence,3,2642
loveliness,3,2643
seas,3,2644
Behold,3,2645
chief,3,2646
securing,3,2647
fool,3,2648
furnished,3,2649
allusion,3,2650
Kitty,3,2651
trivial,3,2652
discern,3,2653
loudly,3,2654
disgraced,3,2655
August,3,2656
doubly,3,2657
calculated,3,2658
Elegant,3,2659
injury,3,2660
refined,3,2661
drink,3,2662
admirable,3,2663
Lord,3,2664
dancer,3,2665
Impossible,3,2666
apprehend,3,2667
hereafter,3,2668
owes,3,2669
inch,3,2670
ascertain,3,2671
lovers,3,2672
Think,3,2673
gaze,3,2674
guarded,3,2675
acquired,3,2676
joyous,3,2677
excite,3,2678
demure,3,2679
easier,3,2680
Should,3,2681
prosperity,3,2682
Sir,3,2683
secresy,3,2684
donkey,3,2685
bread,3,2686
sold,3,2687
tolerate,3,2688
associate,3,2689
gladly,3,2690
impressed,3,2691
injunction,3,2692
coarse,3,2693
excluded,3,2694
conundrum,3,2695
oddest,3,2696
loin,3,2697
hung,3,2698
rapid,3,2699
beings,3,2700
removing,3,2701
caprice,3,2702
preserve,3,2703
cotton,3,2704
counteract,3,2705
smaller,3,2706
collect,3,2707
hungry,3,2708
imprudence,3,2709
bilious,3,2710
mark,3,2711
unnoticed,3,2712
Whether,3,2713
river,3,2714
shamefully,3,2715
Midsummer,3,2716
sends,3,2717
pondered,3,2718
elegantly,3,2719
discerned,3,2720
beauties,3,2721
selves,3,2722
voluntary,3,2723
Instead,3,2724
esteemed,3,2725
top,3,2726
tidings,3,2727
hill,3,2728
completed,3,2729
curious,3,2730
energy,3,2731
remarkable,3,2732
joint,3,2733
Bickerton,3,2734
Charming,3,2735
punctually,3,2736
safest,3,2737
interfere,3,2738
silenced,3,2739
transition,3,2740
topic,3,2741
amongst,3,2742
Wallis,3,2743
nursery,3,2744
hardship,3,2745
worn,3,2746
mutton,3,2747
covered,3,2748
marked,3,2749
bestowed,3,2750
treasure,3,2751
declares,3,2752
cleverer,3,2753
admiring,3,2754
minded,3,2755
vigorously,3,2756
unite,3,2757
copied,3,2758
virtue,3,2759
sketch,3,2760
unsuitable,3,2761
sorrow,3,2762
cast,3,2763
duties,3,2764
luckiest,3,2765
blockhead,3,2766
prudent,3,2767
More,3,2768
practise,3,2769
sounds,3,2770
asks,3,2771
reckoned,3,2772
judicious,3,2773
expediency,3,2774
begins,3,2775
overlook,3,2776
bearing,3,2777
teachers,3,2778
noticing,3,2779
favourably,3,2780
Hughes,3,2781
snowing,3,2782
restrain,3,2783
healthy,3,2784
burn,3,2785
checking,3,2786
sentences,3,2787
shark,3,2788
bottom,3,2789
method,3,2790
Ten,3,2791
essential,3,2792
neglecting,3,2793
topics,3,2794
placing,3,2795
genuine,3,2796
careless,3,2797
needless,3,2798
louder,3,2799
alloy,3,2800
Anne,3,2801
miserably,3,2802
carefully,3,2803
remaining,3,2804
Perrys,3,2805
rejoiced,3,2806
addresses,3,2807
quickest,3,2808
fifty,3,2809
Must,3,2810
complying,3,2811
infinite,3,2812
swell,3,2813
candles,3,2814
Friday,3,2815
beat,3,2816
sly,3,2817
spirited,3,2818
saucy,3,2819
suits,3,2820
refinement,3,2821
explained,3,2822
surely,3,2823
strikes,3,2824
abrupt,3,2825
shoulders,3,2826
food,3,2827
practice,3,2828
papers,3,2829
disturb,3,2830
yellow,3,2831
ostensible,3,2832
speed,3,2833
missing,3,2834
draper,3,2835
dependent,3,2836
drove,3,2837
profession,3,2838
abilities,3,2839
Excuse,3,2840
fly,3,2841
alive,3,2842
deplorable,3,2843
softer,3,2844
humanity,3,2845
breaking,3,2846
behaving,3,2847
accompany,3,2848
wear,3,2849
handsomest,3,2850
shameful,3,2851
allowances,3,2852
headed,3,2853
changing,3,2854
numerous,3,2855
seemingly,3,2856
Without,3,2857
unseen,3,2858
voices,3,2859
dentist,3,2860
arrogance,3,2861
pleases,3,2862
honestly,3,2863
local,3,2864
hit,3,2865
constancy,3,2866
device,3,2867
infection,3,2868
Soon,3,2869
fashioned,3,2870
sole,3,2871
puzzled,3,2872
station,3,2873
homes,3,2874
luxurious,3,2875
prose,3,2876
slice,3,2877
foresee,3,2878
disorder,3,2879
submission,3,2880
wound,3,2881
breath,3,2882
capital,3,2883
storm,3,2884
press,3,2885
Ladies,3,2886
April,3,2887
slightly,3,2888
estimation,3,2889
rencontre,3,2890
job,3,2891
pleasanter,3,2892
denote,3,2893
delusion,3,2894
shews,3,2895
caring,3,2896
planning,3,2897
musing,3,2898
serve,3,2899
purse,3,2900
grandeur,3,2901
excessive,3,2902
renewed,3,2903
finger,3,2904
unfeeling,3,2905
letting,3,2906
About,3,2907
clearer,3,2908
blow,3,2909
foresaw,3,2910
Either,3,2911
longest,3,2912
departure,3,2913
upper,3,2914
detected,3,2915
behave,3,2916
cured,3,2917
successful,3,2918
freshness,3,2919
arrowroot,3,2920
perceiving,3,2921
harmless,3,2922
soul,3,2923
bewildered,3,2924
bitter,3,2925
names,3,2926
prominent,3,2927
passes,3,2928
nursed,3,2929
believing,3,2930
formidable,3,2931
raising,3,2932
fairy,3,2933
sees,3,2934
joyful,3,2935
trusting,3,2936
competent,3,2937
illnesses,3,2938
thanking,3,2939
withdrawn,3,2940
venturing,3,2941
helped,3,2942
blameless,3,2943
separated,3,2944
Dixons,3,2945
signify,3,2946
kindest,3,2947
modest,3,2948
bell,3,2949
submit,3,2950
divisions,3,2951
Take,3,2952
division,3,2953
secrecy,3,2954
Short,3,2955
coxcomb,3,2956
witness,3,2957
false,3,2958
openness,3,2959
offend,3,2960
disappoint,3,2961
alacrity,3,2962
lawyer,3,2963
including,3,2964
centre,3,2965
patient,3,2966
cow,3,2967
dulness,3,2968
airs,3,2969
everywhere,3,2970
darted,3,2971
backgammon,3,2972
skin,3,2973
assisting,3,2974
forbid,3,2975
gracious,3,2976
provoked,3,2977
sposo,3,2978
sign,3,2979
similar,3,2980
prettily,3,2981
whispered,3,2982
oblige,3,2983
conceived,3,2984
beneath,3,2985
rapidity,3,2986
affectedly,3,2987
adopt,3,2988
reigns,3,2989
humourist,3,2990
provision,3,2991
absolute,3,2992
encourage,3,2993
started,3,2994
neglected,3,2995
parcels,3,2996
regularly,3,2997
desperate,3,2998
calmly,3,2999
degrading,3,3000
elegancies,3,3001
wild,3,3002
broken,3,3003
reminded,3,3004
detail,3,3005
alert,3,3006
recent,3,3007
Partridge,3,3008
stock,3,3009
Serle,3,3010
Besides,3,3011
elevation,3,3012
stept,3,3013
forgot,3,3014
lord,3,3015
rough,3,3016
guilt,3,3017
relieve,3,3018
reluctance,3,3019
bought,3,3020
fuller,3,3021
Always,3,3022
total,3,3023
unnatural,3,3024
assent,3,3025
monarch,3,3026
pert,3,3027
averting,3,3028
game,3,3029
airy,3,3030
rode,3,3031
Tea,3,3032
occasional,3,3033
solitude,3,3034
mutually,3,3035
asparagus,3,3036
inimitable,3,3037
frozen,3,3038
egg,3,3039
reappeared,3,3040
gratifying,3,3041
recall,3,3042
hanging,3,3043
wonders,3,3044
Papa,3,3045
staircase,3,3046
possessed,3,3047
irritated,3,3048
Captain,3,3049
conjecture,3,3050
checked,3,3051
Remember,3,3052
fanciful,3,3053
mercy,3,3054
proposals,3,3055
confident,3,3056
footpath,3,3057
arrange,3,3058
footing,3,3059
animating,3,3060
rules,3,3061
Happy,3,3062
solitary,3,3063
hither,3,3064
stooping,3,3065
breathe,3,3066
reasonings,3,3067
obscurity,3,3068
restraint,3,3069
indisposed,3,3070
watering,3,3071
dissuade,3,3072
Bella,3,3073
practised,3,3074
reproof,3,3075
eaten,3,3076
lasted,3,3077
lesson,3,3078
widow,3,3079
talkative,3,3080
owing,3,3081
reflected,3,3082
Happily,3,3083
Yet,3,3084
pronounced,3,3085
dealing,3,3086
sang,3,3087
deceive,3,3088
naming,3,3089
smoothness,3,3090
discreet,3,3091
convincing,3,3092
strict,3,3093
ending,3,3094
heated,3,3095
educated,3,3096
Cromer,3,3097
gratify,3,3098
freedom,3,3099
hush,3,3100
custom,3,3101
clearly,3,3102
disclosure,3,3103
refresh,3,3104
display,3,3105
jealous,3,3106
limited,3,3107
seventeen,3,3108
intent,3,3109
renewal,3,3110
softness,3,3111
salary,3,3112
bowed,3,3113
feelingly,3,3114
gentleness,3,3115
famous,3,3116
emotion,3,3117
applied,3,3118
marking,3,3119
recur,3,3120
presented,3,3121
sins,3,3122
enjoyments,3,3123
advanced,3,3124
comforted,3,3125
odious,3,3126
retract,3,3127
delayed,3,3128
revived,3,3129
truer,3,3130
string,3,3131
grieve,3,3132
attitude,3,3133
caro,3,3134
Any,3,3135
heir,3,3136
Alas,3,3137
excused,3,3138
faces,3,3139
advocate,3,3140
accidental,3,3141
littleness,3,3142
draws,3,3143
mama,3,3144
scattered,3,3145
sadly,3,3146
bonnet,3,3147
events,3,3148
humouredly,2,3149
earn,2,3150
agony,2,3151
surpass,2,3152
foreseeing,2,3153
impudent,2,3154
lent,2,3155
partiality,2,3156
expressive,2,3157
risks,2,3158
achieved,2,3159
exist,2,3160
art,2,3161
farthest,2,3162
Bond,2,3163
petticoat,2,3164
random,2,3165
untainted,2,3166
parishes,2,3167
horrors,2,3168
everyday,2,3169
dined,2,3170
fatigue,2,3171
quality,2,3172
partake,2,3173
emotions,2,3174
sheltered,2,3175
waste,2,3176
cooled,2,3177
Worse,2,3178
Perfectly,2,3179
vicar,2,3180
poignant,2,3181
arch,2,3182
ensure,2,3183
shrubs,2,3184
advisable,2,3185
simpleton,2,3186
apartment,2,3187
offices,2,3188
faithful,2,3189
counsellor,2,3190
usage,2,3191
land,2,3192
lessened,2,3193
dears,2,3194
astray,2,3195
dimensions,2,3196
jump,2,3197
uncertain,2,3198
rarely,2,3199
deem,2,3200
reminding,2,3201
defiance,2,3202
lip,2,3203
reverie,2,3204
sickness,2,3205
adapt,2,3206
calculate,2,3207
hedge,2,3208
north,2,3209
respectful,2,3210
dessert,2,3211
grows,2,3212
acute,2,3213
exemption,2,3214
predict,2,3215
leaning,2,3216
practising,2,3217
motherly,2,3218
fires,2,3219
puppy,2,3220
sparkling,2,3221
preserving,2,3222
dissipated,2,3223
sharp,2,3224
influenced,2,3225
unmerited,2,3226
Welch,2,3227
elderly,2,3228
pew,2,3229
repeating,2,3230
runs,2,3231
unattended,2,3232
lime,2,3233
inherited,2,3234
warrant,2,3235
Coxe,2,3236
interview,2,3237
cough,2,3238
fearfully,2,3239
etc,2,3240
contrition,2,3241
fathers,2,3242
Actually,2,3243
salted,2,3244
foolishly,2,3245
variously,2,3246
failure,2,3247
hero,2,3248
alluded,2,3249
guest,2,3250
superseded,2,3251
Tis,2,3252
create,2,3253
stoop,2,3254
iron,2,3255
reckon,2,3256
discourse,2,3257
sights,2,3258
opposition,2,3259
admissible,2,3260
cheek,2,3261
pitiful,2,3262
eyebrows,2,3263
scale,2,3264
buried,2,3265
suggesting,2,3266
whence,2,3267
Long,2,3268
flatterer,2,3269
sketches,2,3270
ages,2,3271
rousing,2,3272
umbrellas,2,3273
upstart,2,3274
lamenting,2,3275
arisen,2,3276
plague,2,3277
warfare,2,3278
hind,2,3279
invent,2,3280
unable,2,3281
belief,2,3282
Adelaide,2,3283
affronted,2,3284
bountiful,2,3285
apologise,2,3286
amuses,2,3287
interests,2,3288
fools,2,3289
retreated,2,3290
summon,2,3291
agrees,2,3292
July,2,3293
transfer,2,3294
mare,2,3295
sighed,2,3296
expert,2,3297
alluding,2,3298
poverty,2,3299
impede,2,3300
ponds,2,3301
enemy,2,3302
abusing,2,3303
culture,2,3304
concealed,2,3305
earned,2,3306
puzzle,2,3307
wainscot,2,3308
pushing,2,3309
pitied,2,3310
secretly,2,3311
richly,2,3312
Monday,2,3313
modes,2,3314
glaring,2,3315
militia,2,3316
lasts,2,3317
deepest,2,3318
tremble,2,3319
stone,2,3320
wore,2,3321
planned,2,3322
screen,2,3323
respecting,2,3324
commit,2,3325
smoothed,2,3326
flown,2,3327
preferable,2,3328
wall,2,3329
bent,2,3330
realised,2,3331
show,2,3332
butcher,2,3333
dispense,2,3334
physic,2,3335
tippet,2,3336
suspicious,2,3337
meat,2,3338
restrained,2,3339
breeding,2,3340
ceaseless,2,3341
stupidity,2,3342
player,2,3343
fasten,2,3344
Lords,2,3345
ate,2,3346
hereabouts,2,3347
compliance,2,3348
Since,2,3349
augur,2,3350
silver,2,3351
reward,2,3352
worked,2,3353
pursuits,2,3354
weakness,2,3355
Vanity,2,3356
cousins,2,3357
revealed,2,3358
shabby,2,3359
wickedness,2,3360
disgrace,2,3361
replying,2,3362
hazarded,2,3363
cordiality,2,3364
trifles,2,3365
pomp,2,3366
Day,2,3367
huswife,2,3368
fatigues,2,3369
equalled,2,3370
See,2,3371
appeased,2,3372
gaining,2,3373
despatch,2,3374
bewitching,2,3375
exchange,2,3376
Compare,2,3377
parent,2,3378
moves,2,3379
bitterly,2,3380
grandpapa,2,3381
pang,2,3382
boast,2,3383
excepted,2,3384
sport,2,3385
relating,2,3386
aspired,2,3387
calmer,2,3388
Pleasant,2,3389
shelter,2,3390
Full,2,3391
hating,2,3392
behindhand,2,3393
incumbent,2,3394
hoarse,2,3395
disengage,2,3396
indignant,2,3397
hue,2,3398
Broadwood,2,3399
avail,2,3400
unheard,2,3401
furnish,2,3402
overtaken,2,3403
project,2,3404
dealings,2,3405
complains,2,3406
lies,2,3407
distrust,2,3408
impute,2,3409
doated,2,3410
trunk,2,3411
younger,2,3412
price,2,3413
exerting,2,3414
kitchen,2,3415
mourning,2,3416
escorted,2,3417
failing,2,3418
envious,2,3419
conquest,2,3420
broader,2,3421
execution,2,3422
characters,2,3423
rejoined,2,3424
dies,2,3425
panic,2,3426
deduction,2,3427
fried,2,3428
seize,2,3429
needs,2,3430
flew,2,3431
measures,2,3432
frame,2,3433
drop,2,3434
teacher,2,3435
arguments,2,3436
tenderest,2,3437
composedly,2,3438
refusing,2,3439
flourishes,2,3440
morrows,2,3441
profusion,2,3442
incredible,2,3443
poison,2,3444
saving,2,3445
eighth,2,3446
vivacity,2,3447
rush,2,3448
satisfies,2,3449
Whoever,2,3450
refine,2,3451
None,2,3452
fish,2,3453
leads,2,3454
Sixteen,2,3455
borrowed,2,3456
defence,2,3457
imagining,2,3458
musician,2,3459
simply,2,3460
quivering,2,3461
struggle,2,3462
Sunday,2,3463
needed,2,3464
signed,2,3465
irresolute,2,3466
designs,2,3467
civilly,2,3468
coloured,2,3469
hotter,2,3470
definition,2,3471
demands,2,3472
solace,2,3473
parlours,2,3474
conjugal,2,3475
shadow,2,3476
irritate,2,3477
dispersed,2,3478
medium,2,3479
doubtingly,2,3480
contriving,2,3481
scolded,2,3482
conquered,2,3483
thirteen,2,3484
stables,2,3485
deplore,2,3486
governed,2,3487
lamented,2,3488
Beyond,2,3489
averted,2,3490
Respect,2,3491
decline,2,3492
frown,2,3493
restless,2,3494
main,2,3495
resisted,2,3496
prepare,2,3497
sleep,2,3498
nowhere,2,3499
proclaimed,2,3500
process,2,3501
readiness,2,3502
displays,2,3503
aimed,2,3504
insisted,2,3505
enlivened,2,3506
disgusting,2,3507
deserted,2,3508
eggs,2,3509
genius,2,3510
strawberry,2,3511
employing,2,3512
touching,2,3513
repressed,2,3514
butter,2,3515
scrape,2,3516
reflect,2,3517
parentage,2,3518
Dinner,2,3519
courtesy,2,3520
pocket,2,3521
glanced,2,3522
merriment,2,3523
holiday,2,3524
parts,2,3525
quarters,2,3526
prejudice,2,3527
wavering,2,3528
liberality,2,3529
virtues,2,3530
Easter,2,3531
condemn,2,3532
previously,2,3533
eats,2,3534
brief,2,3535
caps,2,3536
connect,2,3537
Forest,2,3538
ingenuity,2,3539
clouds,2,3540
overpower,2,3541
verses,2,3542
Both,2,3543
artist,2,3544
sources,2,3545
impassable,2,3546
amply,2,3547
likelihood,2,3548
Being,2,3549
remind,2,3550
Wednesday,2,3551
subduing,2,3552
farming,2,3553
village,2,3554
Richard,2,3555
fainted,2,3556
confessed,2,3557
benefited,2,3558
sweetest,2,3559
building,2,3560
marks,2,3561
pitiable,2,3562
visibly,2,3563
bends,2,3564
delicious,2,3565
playfully,2,3566
heal,2,3567
submissive,2,3568
lightened,2,3569
glasses,2,3570
dinners,2,3571
ingenious,2,3572
enrich,2,3573
fullest,2,3574
furniture,2,3575
unprepared,2,3576
joining,2,3577
rescue,2,3578
bare,2,3579
Bad,2,3580
mis,2,3581
resigned,2,3582
inquired,2,3583
clearing,2,3584
wood,2,3585
indulgent,2,3586
struggled,2,3587
plaintive,2,3588
brighter,2,3589
accomplish,2,3590
protested,2,3591
humours,2,3592
authorised,2,3593
performer,2,3594
ardent,2,3595
splendour,2,3596
detain,2,3597
incline,2,3598
obedience,2,3599
sighted,2,3600
merry,2,3601
weariness,2,3602
incapable,2,3603
Half,2,3604
lashes,2,3605
rested,2,3606
observance,2,3607
refer,2,3608
delivered,2,3609
stout,2,3610
absenting,2,3611
helpless,2,3612
prodigy,2,3613
underrated,2,3614
pictures,2,3615
alarms,2,3616
wretch,2,3617
graver,2,3618
proposing,2,3619
gravity,2,3620
belongs,2,3621
Christian,2,3622
Man,2,3623
presenting,2,3624
butler,2,3625
falsehood,2,3626
Young,2,3627
Going,2,3628
chatty,2,3629
riddles,2,3630
intellects,2,3631
detaining,2,3632
colouring,2,3633
perverse,2,3634
banished,2,3635
evidence,2,3636
fill,2,3637
privileged,2,3638
recurrence,2,3639
artifice,2,3640
imply,2,3641
date,2,3642
recalled,2,3643
kings,2,3644
linen,2,3645
invention,2,3646
Romance,2,3647
surmised,2,3648
specimens,2,3649
treachery,2,3650
softening,2,3651
diverted,2,3652
aired,2,3653
stake,2,3654
filled,2,3655
dreaded,2,3656
foretell,2,3657
resuming,2,3658
irregular,2,3659
approval,2,3660
stomach,2,3661
proprietor,2,3662
page,2,3663
betraying,2,3664
claimed,2,3665
meals,2,3666
Bragges,2,3667
glowing,2,3668
unhealthy,2,3669
basis,2,3670
instances,2,3671
crowded,2,3672
walnuts,2,3673
desiring,2,3674
briskly,2,3675
violent,2,3676
fairest,2,3677
faint,2,3678
council,2,3679
welcoming,2,3680
populous,2,3681
absurdity,2,3682
critical,2,3683
stretching,2,3684
submitting,2,3685
Presently,2,3686
cheap,2,3687
desires,2,3688
surrender,2,3689
assuring,2,3690
wilful,2,3691
pretension,2,3692
widower,2,3693
Having,2,3694
ordinary,2,3695
doating,2,3696
People,2,3697
estimate,2,3698
exhausted,2,3699
willingly,2,3700
stretch,2,3701
undertakes,2,3702
atonement,2,3703
languor,2,3704
list,2,3705
Under,2,3706
gravel,2,3707
observant,2,3708
lest,2,3709
asleep,2,3710
yielded,2,3711
sacrifices,2,3712
Inn,2,3713
swelling,2,3714
injurious,2,3715
acquittal,2,3716
reasons,2,3717
benevolent,2,3718
misled,2,3719
sashed,2,3720
poem,2,3721
touches,2,3722
qualified,2,3723
associates,2,3724
owe,2,3725
precise,2,3726
dangers,2,3727
parley,2,3728
regards,2,3729
harp,2,3730
consenting,2,3731
witty,2,3732
Stop,2,3733
Imagine,2,3734
visible,2,3735
Say,2,3736
forwards,2,3737
possess,2,3738
stain,2,3739
justify,2,3740
premature,2,3741
breathing,2,3742
excusable,2,3743
advances,2,3744
orchard,2,3745
store,2,3746
ajar,2,3747
profit,2,3748
Things,2,3749
asserted,2,3750
individual,2,3751
varieties,2,3752
bargain,2,3753
exulting,2,3754
grievance,2,3755
decease,2,3756
urgent,2,3757
Invite,2,3758
infectious,2,3759
chusing,2,3760
urged,2,3761
terribly,2,3762
subjection,2,3763
Oxford,2,3764
fagged,2,3765
youthful,2,3766
slighting,2,3767
striving,2,3768
infant,2,3769
innocently,2,3770
wander,2,3771
awake,2,3772
commanded,2,3773
devoting,2,3774
gloom,2,3775
deservedly,2,3776
moonlight,2,3777
Between,2,3778
flakes,2,3779
overheard,2,3780
restraints,2,3781
range,2,3782
feasible,2,3783
hazle,2,3784
recently,2,3785
sufficed,2,3786
lame,2,3787
perform,2,3788
contradict,2,3789
protracted,2,3790
ridden,2,3791
principals,2,3792
Give,2,3793
fetched,2,3794
deeper,2,3795
wrapt,2,3796
Hetty,2,3797
answers,2,3798
consoling,2,3799
Whom,2,3800
lists,2,3801
counter,2,3802
roused,2,3803
receives,2,3804
devotion,2,3805
stability,2,3806
worlds,2,3807
deceit,2,3808
million,2,3809
Latterly,2,3810
eccentric,2,3811
shared,2,3812
sale,2,3813
oneself,2,3814
glory,2,3815
suggest,2,3816
county,2,3817
eternal,2,3818
improperly,2,3819
inevitably,2,3820
arms,2,3821
pulse,2,3822
viewed,2,3823
sharing,2,3824
urgency,2,3825
discipline,2,3826
urging,2,3827
surprising,2,3828
dialogue,2,3829
cost,2,3830
gathering,2,3831
frightful,2,3832
variation,2,3833
affording,2,3834
ushered,2,3835
knocked,2,3836
reconcile,2,3837
ceases,2,3838
stray,2,3839
kissed,2,3840
delights,2,3841
residing,2,3842
flirtation,2,3843
strictly,2,3844
pretending,2,3845
meditated,2,3846
prejudiced,2,3847
omission,2,3848
eyeing,2,3849
pronounce,2,3850
disgusted,2,3851
hedges,2,3852
desert,2,3853
playful,2,3854
freed,2,3855
knitting,2,3856
renewing,2,3857
deference,2,3858
presents,2,3859
applying,2,3860
gipsy,2,3861
attacked,2,3862
appetite,2,3863
Observe,2,3864
partially,2,3865
cases,2,3866
engrossed,2,3867
harmony,2,3868
gardeners,2,3869
seizure,2,3870
advising,2,3871
trimming,2,3872
acceptance,2,3873
dreamer,2,3874
confesses,2,3875
poorly,2,3876
eleven,2,3877
studied,2,3878
offences,2,3879
destroyed,2,3880
learnt,2,3881
signified,2,3882
tour,2,3883
unchecked,2,3884
describing,2,3885
mental,2,3886
shift,2,3887
imputed,2,3888
illiterate,2,3889
purposely,2,3890
bright,2,3891
injure,2,3892
alteration,2,3893
score,2,3894
dead,2,3895
elsewhere,2,3896
likenesses,2,3897
pearls,2,3898
vouchsafe,2,3899
effusion,2,3900
passable,2,3901
driven,2,3902
scanty,2,3903
Delightful,2,3904
snowed,2,3905
regardless,2,3906
appeal,2,3907
attractive,2,3908
examined,2,3909
nurse,2,3910
threw,2,3911
graces,2,3912
footstep,2,3913
insidious,2,3914
poultry,2,3915
mermaid,2,3916
Pass,2,3917
pleading,2,3918
closing,2,3919
appealed,2,3920
Thy,2,3921
allowance,2,3922
fetching,2,3923
Heavens,2,3924
scarce,2,3925
relates,2,3926
vacant,2,3927
reality,2,3928
draughts,2,3929
multiplied,2,3930
soothing,2,3931
quest,2,3932
privy,2,3933
pitch,2,3934
flesh,2,3935
messenger,2,3936
clothed,2,3937
preventing,2,3938
glass,2,3939
floor,2,3940
shilling,2,3941
refreshing,2,3942
amity,2,3943
desirous,2,3944
reads,2,3945
apply,2,3946
shower,2,3947
Hannah,2,3948
respected,2,3949
Six,2,3950
bestow,2,3951
Read,2,3952
noisy,2,3953
decorum,2,3954
rouse,2,3955
troubles,2,3956
females,2,3957
polite,2,3958
profits,2,3959
darker,2,3960
firmly,2,3961
muttering,2,3962
insincere,2,3963
projected,2,3964
swept,2,3965
beam,2,3966
asunder,2,3967
windy,2,3968
entangled,2,3969
field,2,3970
jumped,2,3971
divide,2,3972
Sometimes,2,3973
stoops,2,3974
diffident,2,3975
stupidest,2,3976
Dreadful,2,3977
childhood,2,3978
affliction,2,3979
dashed,2,3980
Woman,2,3981
persisting,2,3982
lengths,2,3983
adventure,2,3984
sweetly,2,3985
rationally,2,3986
fondness,2,3987
aid,2,3988
justly,2,3989
whoever,2,3990
trimmed,2,3991
biscuits,2,3992
suggestion,2,3993
cheering,2,3994
inn,2,3995
incommoded,2,3996
replete,2,3997
cousin,2,3998
objected,2,3999
imparted,2,4000
gather,2,4001
flies,2,4002
pointedly,2,4003
requiring,2,4004
tribute,2,4005
sneering,2,4006
coffee,2,4007
tacitly,2,4008
felicities,2,4009
thankfully,2,4010
examine,2,4011
sung,2,4012
dryly,2,4013
Uncle,2,4014
summons,2,4015
persevered,2,4016
adoration,2,4017
observer,2,4018
stores,2,4019
faster,2,4020
protection,2,4021
drank,2,4022
group,2,4023
brotherly,2,4024
genteel,2,4025
bears,2,4026
inadequate,2,4027
dearly,2,4028
issue,2,4029
goose,2,4030
clownish,2,4031
powered,2,4032
secondary,2,4033
concise,2,4034
immense,2,4035
diffidence,2,4036
suppers,2,4037
amazingly,2,4038
dignified,2,4039
treat,2,4040
freshened,2,4041
ninth,2,4042
Excepting,2,4043
branch,2,4044
alphabets,2,4045
nieces,2,4046
scramble,2,4047
chicken,2,4048
enable,2,4049
pondering,2,4050
Extracts,2,4051
accustomed,2,4052
intimates,2,4053
learned,2,4054
novelty,2,4055
wittier,2,4056
framed,2,4057
pursuing,2,4058
imposed,2,4059
tart,2,4060
guide,2,4061
elevate,2,4062
replies,2,4063
host,2,4064
heroism,2,4065
displayed,2,4066
forcibly,2,4067
ninety,2,4068
insolence,2,4069
subside,2,4070
closest,2,4071
sweetbread,2,4072
blended,2,4073
poet,2,4074
Pretty,2,4075
desk,2,4076
pages,2,4077
conduce,2,4078
aye,2,4079
rumour,2,4080
narration,2,4081
chamber,2,4082
favouring,2,4083
strike,2,4084
temporary,2,4085
lamp,2,4086
captious,2,4087
lodged,2,4088
bordered,2,4089
moderation,2,4090
Birmingham,2,4091
suddenness,2,4092
vulgarity,2,4093
stable,2,4094
Prince,1,4095
popular,1,4096
bushel,1,4097
collation,1,4098
casement,1,4099
attainable,1,4100
disperse,1,4101
vouchsafed,1,4102
utterance,1,4103
tend,1,4104
wonderings,1,4105
soothings,1,4106
rises,1,4107
umbrella,1,4108
pastures,1,4109
fraud,1,4110
rejoicing,1,4111
coast,1,4112
enviable,1,4113
quaint,1,4114
devise,1,4115
feverish,1,4116
doer,1,4117
build,1,4118
slap,1,4119
Forcing,1,4120
Weather,1,4121
labours,1,4122
tedious,1,4123
bounded,1,4124
retained,1,4125
conveyance,1,4126
commands,1,4127
accident,1,4128
According,1,4129
executing,1,4130
apiece,1,4131
admission,1,4132
thriving,1,4133
annoyance,1,4134
insulting,1,4135
Break,1,4136
hindrance,1,4137
Cowper,1,4138
liveliest,1,4139
tires,1,4140
deedily,1,4141
minced,1,4142
exult,1,4143
facts,1,4144
aggression,1,4145
perplexing,1,4146
roundly,1,4147
invites,1,4148
imitation,1,4149
mistakes,1,4150
impose,1,4151
deafer,1,4152
services,1,4153
corals,1,4154
sphere,1,4155
enhanced,1,4156
informs,1,4157
Suppose,1,4158
prosing,1,4159
forever,1,4160
maps,1,4161
believes,1,4162
finessing,1,4163
Business,1,4164
purchasing,1,4165
scenes,1,4166
allied,1,4167
fright,1,4168
arrear,1,4169
eminent,1,4170
blinds,1,4171
satin,1,4172
sounded,1,4173
decent,1,4174
flight,1,4175
Find,1,4176
Dirty,1,4177
fondest,1,4178
mule,1,4179
Hazle,1,4180
boils,1,4181
assume,1,4182
Seats,1,4183
unfeigned,1,4184
salting,1,4185
Place,1,4186
nineteen,1,4187
square,1,4188
combined,1,4189
vexations,1,4190
carelessly,1,4191
Bear,1,4192
drown,1,4193
ornament,1,4194
thwarted,1,4195
Scotland,1,4196
tenderly,1,4197
attendant,1,4198
unreserved,1,4199
male,1,4200
dated,1,4201
reckoning,1,4202
commonly,1,4203
relenting,1,4204
weary,1,4205
forfeit,1,4206
implore,1,4207
muslins,1,4208
fields,1,4209
aggrandise,1,4210
vowed,1,4211
detecting,1,4212
avowedly,1,4213
piquet,1,4214
Mistresses,1,4215
doth,1,4216
circular,1,4217
limes,1,4218
unbecoming,1,4219
unfinished,1,4220
dejection,1,4221
observable,1,4222
strangers,1,4223
Pain,1,4224
credulity,1,4225
blossom,1,4226
flatteries,1,4227
Vigorous,1,4228
Wickedness,1,4229
enclosed,1,4230
Later,1,4231
curtseys,1,4232
vessel,1,4233
agitate,1,4234
inelegance,1,4235
oppression,1,4236
darting,1,4237
dispensed,1,4238
knee,1,4239
precedes,1,4240
nods,1,4241
patiently,1,4242
anecdote,1,4243
regularity,1,4244
counsels,1,4245
flowers,1,4246
promoting,1,4247
shells,1,4248
tottering,1,4249
vanities,1,4250
sagacity,1,4251
Offended,1,4252
Letters,1,4253
purposes,1,4254
repulsed,1,4255
Decidedly,1,4256
meanly,1,4257
implanted,1,4258
officer,1,4259
soliloquy,1,4260
officious,1,4261
estimable,1,4262
News,1,4263
presiding,1,4264
clung,1,4265
washed,1,4266
deranged,1,4267
Fine,1,4268
stirring,1,4269
completion,1,4270
Name,1,4271
unclosing,1,4272
loneliness,1,4273
mournful,1,4274
enchanting,1,4275
surviving,1,4276
errantry,1,4277
Nor,1,4278
situated,1,4279
disapprove,1,4280
kingdoms,1,4281
deciphered,1,4282
penury,1,4283
admits,1,4284
salt,1,4285
Fancying,1,4286
portrait,1,4287
unbiased,1,4288
knife,1,4289
Mermaids,1,4290
rub,1,4291
dreamt,1,4292
gross,1,4293
Soup,1,4294
undertake,1,4295
apothecary,1,4296
incomplete,1,4297
Manners,1,4298
widely,1,4299
Matrimony,1,4300
mighty,1,4301
interfered,1,4302
tarts,1,4303
clerk,1,4304
immaterial,1,4305
curtains,1,4306
canvassing,1,4307
overtake,1,4308
Nature,1,4309
heightened,1,4310
songs,1,4311
smallness,1,4312
gladness,1,4313
turkeys,1,4314
flatterers,1,4315
bath,1,4316
perusal,1,4317
blushes,1,4318
Disputable,1,4319
betweens,1,4320
surprise,1,4321
efforts,1,4322
respective,1,4323
Tan,1,4324
shifts,1,4325
terrified,1,4326
bandied,1,4327
ribband,1,4328
terrors,1,4329
glee,1,4330
console,1,4331
grammarian,1,4332
bake,1,4333
astonish,1,4334
happens,1,4335
analogy,1,4336
enlarged,1,4337
base,1,4338
folding,1,4339
omit,1,4340
rack,1,4341
courtesies,1,4342
honouring,1,4343
Seldom,1,4344
memorial,1,4345
bless,1,4346
donkeys,1,4347
audibly,1,4348
affirm,1,4349
verdure,1,4350
scissors,1,4351
stream,1,4352
fearing,1,4353
nicer,1,4354
lets,1,4355
caviller,1,4356
Grandmama,1,4357
sharer,1,4358
movements,1,4359
allies,1,4360
Birth,1,4361
Standing,1,4362
disguised,1,4363
applicants,1,4364
drawers,1,4365
contents,1,4366
negligence,1,4367
verbal,1,4368
admires,1,4369
undone,1,4370
perforce,1,4371
reasonably,1,4372
York,1,4373
assert,1,4374
wedging,1,4375
harshly,1,4376
conquering,1,4377
stationing,1,4378
polish,1,4379
undecided,1,4380
sufferable,1,4381
inspired,1,4382
burying,1,4383
delegating,1,4384
hospitable,1,4385
fresco,1,4386
image,1,4387
artlessly,1,4388
Tiresome,1,4389
starting,1,4390
sedate,1,4391
Stay,1,4392
sublimity,1,4393
especial,1,4394
amidst,1,4395
dismay,1,4396
advancing,1,4397
turnips,1,4398
decree,1,4399
escaping,1,4400
encumbered,1,4401
insensibly,1,4402
feebly,1,4403
Absurd,1,4404
sinned,1,4405
giver,1,4406
presuming,1,4407
affix,1,4408
plainest,1,4409
caprices,1,4410
brightest,1,4411
ennui,1,4412
petticoats,1,4413
gradual,1,4414
hindered,1,4415
glorious,1,4416
Conjecture,1,4417
diffuses,1,4418
circulate,1,4419
sanguinely,1,4420
despoiling,1,4421
standers,1,4422
wept,1,4423
Chili,1,4424
courts,1,4425
orders,1,4426
groundless,1,4427
vindicated,1,4428
buyings,1,4429
Brown,1,4430
steep,1,4431
nodded,1,4432
vision,1,4433
detailing,1,4434
inference,1,4435
spinet,1,4436
descried,1,4437
qualifying,1,4438
watches,1,4439
harboured,1,4440
lights,1,4441
waives,1,4442
adding,1,4443
pudding,1,4444
tied,1,4445
preferment,1,4446
ordinarily,1,4447
repast,1,4448
politest,1,4449
lowest,1,4450
pollards,1,4451
argued,1,4452
irritable,1,4453
wilfully,1,4454
camp,1,4455
abruptness,1,4456
crosser,1,4457
beaufet,1,4458
Lieut,1,4459
Tunbridge,1,4460
thinner,1,4461
texts,1,4462
dexterity,1,4463
Early,1,4464
mansion,1,4465
darling,1,4466
charmed,1,4467
portraits,1,4468
haunted,1,4469
poorer,1,4470
insinuate,1,4471
tongues,1,4472
Otways,1,4473
homewards,1,4474
similarity,1,4475
custard,1,4476
doleful,1,4477
dwindled,1,4478
limb,1,4479
Yours,1,4480
merest,1,4481
boil,1,4482
enquired,1,4483
storeroom,1,4484
fourteen,1,4485
acceded,1,4486
dissuaded,1,4487
swiftly,1,4488
Baronne,1,4489
celibacy,1,4490
environs,1,4491
undertook,1,4492
energetic,1,4493
gang,1,4494
career,1,4495
goodly,1,4496
devil,1,4497
greeted,1,4498
Deceived,1,4499
plants,1,4500
pressingly,1,4501
politics,1,4502
reign,1,4503
geography,1,4504
frost,1,4505
hundreds,1,4506
enliven,1,4507
finale,1,4508
villain,1,4509
Brother,1,4510
doubtfully,1,4511
enumerate,1,4512
narrative,1,4513
intrigue,1,4514
choose,1,4515
Beg,1,4516
jokes,1,4517
untowardly,1,4518
cooling,1,4519
privation,1,4520
Anna,1,4521
shortness,1,4522
channel,1,4523
Satisfied,1,4524
competence,1,4525
engrafted,1,4526
Jeffereys,1,4527
confiding,1,4528
coughing,1,4529
epithets,1,4530
solemnly,1,4531
blunt,1,4532
foppery,1,4533
Absolute,1,4534
pedal,1,4535
availing,1,4536
negatives,1,4537
differ,1,4538
debate,1,4539
carrot,1,4540
hems,1,4541
healed,1,4542
scarlet,1,4543
endurance,1,4544
rout,1,4545
Fortune,1,4546
baking,1,4547
poplin,1,4548
prevalence,1,4549
equals,1,4550
push,1,4551
library,1,4552
copy,1,4553
trampers,1,4554
nestled,1,4555
lamb,1,4556
ranks,1,4557
posture,1,4558
candidly,1,4559
broth,1,4560
actions,1,4561
ancient,1,4562
vouches,1,4563
unsaid,1,4564
influenza,1,4565
shivering,1,4566
atmosphere,1,4567
blameable,1,4568
pulling,1,4569
lurking,1,4570
sacred,1,4571
cakes,1,4572
grudged,1,4573
listener,1,4574
Poverty,1,4575
uttered,1,4576
placidity,1,4577
overthrow,1,4578
sobering,1,4579
puzzles,1,4580
confine,1,4581
carpet,1,4582
dreaming,1,4583
ensued,1,4584
struggles,1,4585
Candles,1,4586
Other,1,4587
mornings,1,4588
undoubting,1,4589
audible,1,4590
Michaelmas,1,4591
obtruding,1,4592
undertaken,1,4593
worshipped,1,4594
approver,1,4595
enchanted,1,4596
grease,1,4597
faints,1,4598
Wax,1,4599
stabbed,1,4600
negative,1,4601
medley,1,4602
packs,1,4603
redeem,1,4604
justest,1,4605
improves,1,4606
amid,1,4607
token,1,4608
passant,1,4609
breaks,1,4610
accord,1,4611
decisively,1,4612
wasted,1,4613
melodies,1,4614
outcry,1,4615
lined,1,4616
unpretty,1,4617
unemployed,1,4618
Playing,1,4619
courtship,1,4620
humane,1,4621
void,1,4622
Tupman,1,4623
Apologies,1,4624
mend,1,4625
chimney,1,4626
romantic,1,4627
unsettled,1,4628
diet,1,4629
candidates,1,4630
dreams,1,4631
haunting,1,4632
king,1,4633
innocent,1,4634
denotes,1,4635
Supper,1,4636
curtain,1,4637
underbred,1,4638
articulate,1,4639
waits,1,4640
detailed,1,4641
milder,1,4642
punctual,1,4643
busiest,1,4644
relish,1,4645
cellery,1,4646
fluttered,1,4647
periods,1,4648
divested,1,4649
abhor,1,4650
enduring,1,4651
existed,1,4652
dissolved,1,4653
funeral,1,4654
raved,1,4655
tattle,1,4656
constrain,1,4657
overseers,1,4658
crushed,1,4659
rave,1,4660
duped,1,4661
inflicting,1,4662
Wallises,1,4663
schoolroom,1,4664
lowering,1,4665
lecture,1,4666
overrating,1,4667
mercantile,1,4668
rice,1,4669
reinstate,1,4670
diverting,1,4671
enlarge,1,4672
readiest,1,4673
sky,1,4674
further,1,4675
Pardon,1,4676
wounding,1,4677
shoulder,1,4678
unbroken,1,4679
preserves,1,4680
brewing,1,4681
clean,1,4682
engrosses,1,4683
Unwelcome,1,4684
obstinate,1,4685
labouring,1,4686
lie,1,4687
tenderer,1,4688
Bought,1,4689
appreciate,1,4690
steeper,1,4691
professing,1,4692
fogs,1,4693
deciding,1,4694
dog,1,4695
restricted,1,4696
West,1,4697
treble,1,4698
diffuse,1,4699
band,1,4700
smells,1,4701
bearers,1,4702
glances,1,4703
distaste,1,4704
prescribed,1,4705
captivated,1,4706
womanly,1,4707
agitating,1,4708
covering,1,4709
kite,1,4710
desire,1,4711
expenses,1,4712
wheat,1,4713
spoil,1,4714
idolized,1,4715
encroach,1,4716
Manchester,1,4717
Referring,1,4718
imposing,1,4719
unmixed,1,4720
indelicate,1,4721
condolence,1,4722
boiling,1,4723
cabbage,1,4724
adviser,1,4725
honourably,1,4726
cautioned,1,4727
ascending,1,4728
fatal,1,4729
coach,1,4730
Neptune,1,4731
involve,1,4732
fourth,1,4733
cogitation,1,4734
clamorous,1,4735
Plain,1,4736
Talking,1,4737
nobility,1,4738
Skilful,1,4739
spreading,1,4740
prevalent,1,4741
cavil,1,4742
adequate,1,4743
inhabited,1,4744
bosom,1,4745
yielding,1,4746
outlived,1,4747
Quick,1,4748
mortals,1,4749
exchanged,1,4750
literary,1,4751
sheets,1,4752
triumphant,1,4753
patronage,1,4754
rows,1,4755
Almost,1,4756
deafness,1,4757
medical,1,4758
Shortly,1,4759
lengthened,1,4760
movement,1,4761
expedient,1,4762
staggered,1,4763
ice,1,4764
Picture,1,4765
inflamed,1,4766
praises,1,4767
substitute,1,4768
conferring,1,4769
verse,1,4770
exteriors,1,4771
softly,1,4772
depression,1,4773
General,1,4774
consisting,1,4775
sacks,1,4776
pieces,1,4777
baker,1,4778
shortening,1,4779
brilliancy,1,4780
Milmans,1,4781
variations,1,4782
twentieth,1,4783
chattering,1,4784
approves,1,4785
overcame,1,4786
dilatory,1,4787
tolerated,1,4788
cockade,1,4789
merchant,1,4790
jumble,1,4791
blot,1,4792
forswear,1,4793
Finesse,1,4794
joyously,1,4795
drain,1,4796
elms,1,4797
wording,1,4798
undoubted,1,4799
obstacle,1,4800
Alderneys,1,4801
King,1,4802
bordering,1,4803
incidental,1,4804
cramp,1,4805
endanger,1,4806
Soft,1,4807
Concession,1,4808
testify,1,4809
purple,1,4810
resorted,1,4811
Astonished,1,4812
climate,1,4813
seeking,1,4814
Barnes,1,4815
unanswered,1,4816
cry,1,4817
blaming,1,4818
hearts,1,4819
judges,1,4820
quarto,1,4821
tumbler,1,4822
Certain,1,4823
Although,1,4824
deprecated,1,4825
privileges,1,4826
stockings,1,4827
mails,1,4828
Serious,1,4829
crayon,1,4830
hardened,1,4831
horsewoman,1,4832
chapters,1,4833
dares,1,4834
henceforth,1,4835
counties,1,4836
languish,1,4837
feminine,1,4838
crown,1,4839
drifting,1,4840
expedients,1,4841
artificial,1,4842
pre,1,4843
laborious,1,4844
offending,1,4845
debt,1,4846
countries,1,4847
disguise,1,4848
listeners,1,4849
ornamented,1,4850
enters,1,4851
plump,1,4852
Broadway,1,4853
Mine,1,4854
daring,1,4855
imagines,1,4856
Like,1,4857
vehicle,1,4858
sheepskin,1,4859
final,1,4860
slackened,1,4861
grievances,1,4862
survive,1,4863
worship,1,4864
landscapes,1,4865
urbanity,1,4866
upstarts,1,4867
cream,1,4868
articles,1,4869
paradings,1,4870
timed,1,4871
rubber,1,4872
paling,1,4873
sublime,1,4874
boasts,1,4875
Oftentimes,1,4876
terseness,1,4877
relapsing,1,4878
durable,1,4879
serenity,1,4880
presides,1,4881
weighing,1,4882
likeliest,1,4883
frighten,1,4884
tyrannic,1,4885
Saunders,1,4886
laurels,1,4887
jewels,1,4888
basins,1,4889
reputation,1,4890
altar,1,4891
afloat,1,4892
seconds,1,4893
woollen,1,4894
shine,1,4895
closely,1,4896
upstairs,1,4897
mirth,1,4898
bone,1,4899
Abdy,1,4900
knack,1,4901
checker,1,4902
undergoing,1,4903
insult,1,4904
stale,1,4905
bounds,1,4906
eventually,1,4907
voted,1,4908
defects,1,4909
medicine,1,4910
waverings,1,4911
retaining,1,4912
reproaches,1,4913
idleness,1,4914
solidity,1,4915
reproofs,1,4916
precaution,1,4917
Ours,1,4918
adoption,1,4919
Exquisite,1,4920
sneers,1,4921
opens,1,4922
hopeless,1,4923
outstepped,1,4924
eclat,1,4925
overhear,1,4926
guidance,1,4927
compatible,1,4928
remedy,1,4929
evinced,1,4930
ecstasies,1,4931
rapturous,1,4932
humility,1,4933
intends,1,4934
heroine,1,4935
dutiful,1,4936
vainly,1,4937
changes,1,4938
pacing,1,4939
profitable,1,4940
allay,1,4941
awe,1,4942
closet,1,4943
apartments,1,4944
boastful,1,4945
During,1,4946
mat,1,4947
singular,1,4948
Aunt,1,4949
infantry,1,4950
operations,1,4951
prophecies,1,4952
Ungrateful,1,4953
discreetly,1,4954
denoted,1,4955
pan,1,4956
arises,1,4957
mildness,1,4958
evasions,1,4959
Hall,1,4960
plotting,1,4961
idlest,1,4962
recited,1,4963
habitual,1,4964
confers,1,4965
defined,1,4966
tradesman,1,4967
startled,1,4968
maternal,1,4969
liberally,1,4970
resisting,1,4971
richest,1,4972
docile,1,4973
declaring,1,4974
row,1,4975
usefulness,1,4976
Gratifying,1,4977
wretches,1,4978
worthies,1,4979
clover,1,4980
orderly,1,4981
moralised,1,4982
folded,1,4983
repute,1,4984
brutal,1,4985
memorandum,1,4986
despatched,1,4987
prevails,1,4988
gossips,1,4989
pack,1,4990
slumbering,1,4991
dispose,1,4992
sash,1,4993
lands,1,4994
forerunner,1,4995
repellent,1,4996
timber,1,4997
willed,1,4998
earliest,1,4999
suffice,1,5000
avenues,1,5001
Late,1,5002
dint,1,5003
endeared,1,5004
discuss,1,5005
reflecting,1,5006
coldest,1,5007
Often,1,5008
blown,1,5009
moral,1,5010
victims,1,5011
luxuries,1,5012
Ambition,1,5013
resorting,1,5014
scoundrel,1,5015
lighter,1,5016
revolts,1,5017
murmurs,1,5018
nod,1,5019
shedding,1,5020
statement,1,5021
abode,1,5022
Extremely,1,5023
bars,1,5024
reluctant,1,5025
snows,1,5026
knit,1,5027
conversed,1,5028
patriotism,1,5029
protecting,1,5030
taller,1,5031
separating,1,5032
Venice,1,5033
retain,1,5034
propensity,1,5035
retentive,1,5036
restoring,1,5037
partly,1,5038
Gilberts,1,5039
rooted,1,5040
spacious,1,5041
walker,1,5042
follows,1,5043
prejudices,1,5044
confirming,1,5045
misapply,1,5046
affords,1,5047
Assured,1,5048
enjoyable,1,5049
cabinets,1,5050
wearying,1,5051
throwing,1,5052
horrid,1,5053
hay,1,5054
smell,1,5055
fastening,1,5056
forgets,1,5057
stared,1,5058
teased,1,5059
midnight,1,5060
olive,1,5061
gossip,1,5062
capacity,1,5063
suppressed,1,5064
proves,1,5065
tones,1,5066
adoring,1,5067
mimic,1,5068
newly,1,5069
dwellings,1,5070
forfeited,1,5071
ditch,1,5072
thanker,1,5073
acquire,1,5074
esteeming,1,5075
chatter,1,5076
complained,1,5077
beheld,1,5078
publicity,1,5079
trophies,1,5080
Angry,1,5081
disputing,1,5082
woeful,1,5083
retrospect,1,5084
clothes,1,5085
worry,1,5086
mid,1,5087
aches,1,5088
dusk,1,5089
hinting,1,5090
indoors,1,5091
yeomanry,1,5092
dignities,1,5093
baits,1,5094
Wrong,1,5095
swayed,1,5096
Shocking,1,5097
prodigies,1,5098
hardships,1,5099
relented,1,5100
essay,1,5101
emphasis,1,5102
doctrines,1,5103
nought,1,5104
excesses,1,5105
proverb,1,5106
penitence,1,5107
summoned,1,5108
feed,1,5109
gaieties,1,5110
morality,1,5111
recordable,1,5112
accused,1,5113
certified,1,5114
delicately,1,5115
administer,1,5116
Clifton,1,5117
vexatious,1,5118
inherits,1,5119
rained,1,5120
flying,1,5121
Comtesse,1,5122
roundabout,1,5123
wool,1,5124
Resentment,1,5125
March,1,5126
Human,1,5127
faultless,1,5128
harsh,1,5129
charges,1,5130
pupil,1,5131
elbow,1,5132
gold,1,5133
hood,1,5134
keenly,1,5135
plot,1,5136
entrapped,1,5137
outgrown,1,5138
Granted,1,5139
unmirthful,1,5140
Anywhere,1,5141
gradations,1,5142
plentiful,1,5143
sullenness,1,5144
pillars,1,5145
managed,1,5146
nailed,1,5147
Hush,1,5148
institute,1,5149
sauntering,1,5150
unbidden,1,5151
Liable,1,5152
currants,1,5153
ridicule,1,5154
damps,1,5155
shorten,1,5156
wretchedly,1,5157
amendment,1,5158
using,1,5159
unequalled,1,5160
citizen,1,5161
comments,1,5162
regiment,1,5163
unchanged,1,5164
limits,1,5165
Mickleham,1,5166
Command,1,5167
blinder,1,5168
controul,1,5169
trident,1,5170
moralising,1,5171
rival,1,5172
pet,1,5173
doom,1,5174
dressing,1,5175
leaned,1,5176
Anxious,1,5177
excites,1,5178
delineated,1,5179
insulted,1,5180
suspension,1,5181
stories,1,5182
sandwiches,1,5183
vigour,1,5184
Miniatures,1,5185
increases,1,5186
dumpling,1,5187
senseless,1,5188
smilingly,1,5189
wrist,1,5190
Approve,1,5191
landed,1,5192
Instances,1,5193
boyish,1,5194
lain,1,5195
puzzling,1,5196
workbags,1,5197
prologue,1,5198
acuteness,1,5199
sheep,1,5200
pour,1,5201
patroness,1,5202
pen,1,5203
Beavers,1,5204
handled,1,5205
penknife,1,5206
uppermost,1,5207
systems,1,5208
occurs,1,5209
plausible,1,5210
Kings,1,5211
suppress,1,5212
flock,1,5213
picnic,1,5214
cleverness,1,5215
unpolished,1,5216
equipped,1,5217
renting,1,5218
protesting,1,5219
cope,1,5220
facing,1,5221
mounts,1,5222
anything,1,5223
bitterness,1,5224
Lively,1,5225
leather,1,5226
blocked,1,5227
motionless,1,5228
Escape,1,5229
colder,1,5230
eatable,1,5231
joyfully,1,5232
suffers,1,5233
red,1,5234
ladylike,1,5235
resided,1,5236
angles,1,5237
volubility,1,5238
park,1,5239
vaunted,1,5240
oppress,1,5241
casements,1,5242
disliked,1,5243
classing,1,5244
omitting,1,5245
Four,1,5246
steadiest,1,5247
genial,1,5248
pies,1,5249
unsteady,1,5250
dealt,1,5251
released,1,5252
bows,1,5253
puppies,1,5254
Marriage,1,5255
befriend,1,5256
puddle,1,5257
pangs,1,5258
creep,1,5259
engross,1,5260
quicker,1,5261
drugs,1,5262
demurs,1,5263
schemed,1,5264
displaying,1,5265
absented,1,5266
Quantities,1,5267
rewarded,1,5268
quietness,1,5269
malt,1,5270
remote,1,5271
author,1,5272
reviving,1,5273
modesty,1,5274
quits,1,5275
grandpapas,1,5276
doctoring,1,5277
notch,1,5278
shod,1,5279
heap,1,5280
intreat,1,5281
Imprudent,1,5282
sorts,1,5283
opportune,1,5284
Gone,1,5285
puppyism,1,5286
outweigh,1,5287
prime,1,5288
dubious,1,5289
adversary,1,5290
Too,1,5291
served,1,5292
Pembroke,1,5293
mania,1,5294
tittle,1,5295
soften,1,5296
scorned,1,5297
hurting,1,5298
feet,1,5299
guidable,1,5300
defies,1,5301
count,1,5302
appendages,1,5303
indistinct,1,5304
broiling,1,5305
dumplings,1,5306
Randall,1,5307
papas,1,5308
witnessing,1,5309
sports,1,5310
intellect,1,5311
silently,1,5312
lateness,1,5313
Aladdin,1,5314
tidy,1,5315
western,1,5316
recovery,1,5317
Ceremonies,1,5318
visitings,1,5319
Abbots,1,5320
pointing,1,5321
fold,1,5322
tooth,1,5323
throws,1,5324
Tom,1,5325
accepts,1,5326
market,1,5327
mute,1,5328
tautology,1,5329
vacancies,1,5330
despaired,1,5331
blamed,1,5332
beet,1,5333
attract,1,5334
finds,1,5335
softest,1,5336
conundrums,1,5337
coldly,1,5338
military,1,5339
porker,1,5340
convivial,1,5341
cleverest,1,5342
headaches,1,5343
deriving,1,5344
corrected,1,5345
severity,1,5346
stormy,1,5347
flirted,1,5348
sleepless,1,5349
gayest,1,5350
liberties,1,5351
hateful,1,5352
lazy,1,5353
crossness,1,5354
tables,1,5355
groundwork,1,5356
devote,1,5357
shopping,1,5358
dictated,1,5359
pervert,1,5360
entitling,1,5361
nonsenses,1,5362
copying,1,5363
doomed,1,5364
bias,1,5365
tricking,1,5366
freak,1,5367
tax,1,5368
gesture,1,5369
kindred,1,5370
murmured,1,5371
bodies,1,5372
clerks,1,5373
figured,1,5374
southward,1,5375
pink,1,5376
invalids,1,5377
sour,1,5378
Sighs,1,5379
mount,1,5380
peeped,1,5381
fathomed,1,5382
undesigned,1,5383
attends,1,5384
vagaries,1,5385
handle,1,5386
shan,1,5387
cameos,1,5388
curse,1,5389
injuries,1,5390
Catherine,1,5391
drudge,1,5392
instigator,1,5393
crayons,1,5394
archly,1,5395
seasonable,1,5396
untouched,1,5397
attributed,1,5398
spoon,1,5399
raving,1,5400
Dearer,1,5401
abide,1,5402
Abominable,1,5403
housemaid,1,5404
aghast,1,5405
relapse,1,5406
dancers,1,5407
hid,1,5408
Wiltshire,1,5409
exercises,1,5410
portfolio,1,5411
endeavours,1,5412
apparatus,1,5413
lingering,1,5414
cows,1,5415
tie,1,5416
exultingly,1,5417
objecting,1,5418
wounded,1,5419
goings,1,5420
lodgings,1,5421
disservice,1,5422
mum,1,5423
inspection,1,5424
Dating,1,5425
efficacy,1,5426
Middling,1,5427
beaming,1,5428
Him,1,5429
gloomy,1,5430
gently,1,5431
scold,1,5432
owning,1,5433
velocity,1,5434
marriages,1,5435
oysters,1,5436
conveying,1,5437
stroke,1,5438
penetrated,1,5439
rejection,1,5440
stands,1,5441
deserts,1,5442
penetrate,1,5443
Pilfering,1,5444
antidote,1,5445
Garrick,1,5446
pressure,1,5447
rung,1,5448
weekly,1,5449
sixpences,1,5450
relation,1,5451
testifying,1,5452
lapse,1,5453
creditable,1,5454
educate,1,5455
inward,1,5456
pigeon,1,5457
humanely,1,5458
neatly,1,5459
prone,1,5460
Increase,1,5461
dryness,1,5462
Madame,1,5463
scalloped,1,5464
fits,1,5465
harbour,1,5466
scream,1,5467
violence,1,5468
discharged,1,5469
deprived,1,5470
precedent,1,5471
attorney,1,5472
unsullied,1,5473
ult,1,5474
livelihood,1,5475
hatred,1,5476
Adopt,1,5477
acrostic,1,5478
Natural,1,5479
defended,1,5480
inheriting,1,5481
resulting,1,5482
hearty,1,5483
mustered,1,5484
christened,1,5485
cart,1,5486
refrained,1,5487
carte,1,5488
projects,1,5489
needlework,1,5490
Small,1,5491
chancing,1,5492
spheres,1,5493
Common,1,5494
failings,1,5495
fuss,1,5496
obtrude,1,5497
spleen,1,5498
deadening,1,5499
embodied,1,5500
sharks,1,5501
risking,1,5502
attacking,1,5503
lowly,1,5504
sleety,1,5505
workbasket,1,5506
attribute,1,5507
Dorking,1,5508
superadded,1,5509
leaves,1,5510
clothing,1,5511
deliver,1,5512
extinction,1,5513
repeat,1,5514
Contrary,1,5515
loser,1,5516
engrossing,1,5517
giggle,1,5518
Delighted,1,5519
stayed,1,5520
dialogues,1,5521
fragrance,1,5522
spurn,1,5523
unison,1,5524
aspect,1,5525
sealed,1,5526
hourly,1,5527
scholar,1,5528
birthday,1,5529
permission,1,5530
affable,1,5531
heiress,1,5532
teaching,1,5533
drills,1,5534
explains,1,5535
Langham,1,5536
perplexed,1,5537
impediment,1,5538
confound,1,5539
implicitly,1,5540
depending,1,5541
pique,1,5542
cheese,1,5543
saves,1,5544
concession,1,5545
homely,1,5546
sets,1,5547
exceeding,1,5548
reproached,1,5549
accounted,1,5550
bearer,1,5551
sup,1,5552
Mark,1,5553
asperity,1,5554
motto,1,5555
bending,1,5556
palpable,1,5557
heritage,1,5558
utility,1,5559
dusty,1,5560
inebriety,1,5561
excess,1,5562
contend,1,5563
foresight,1,5564
holidays,1,5565
proudly,1,5566
fluently,1,5567
repulsive,1,5568
management,1,5569
background,1,5570
hautboys,1,5571
filling,1,5572
east,1,5573
rides,1,5574
standard,1,5575
stanza,1,5576
irrational,1,5577
Madam,1,5578
combine,1,5579
Making,1,5580
screwed,1,5581
classed,1,5582
resemble,1,5583
courses,1,5584
matched,1,5585
render,1,5586
ends,1,5587
respite,1,5588
Former,1,5589
avowed,1,5590
concert,1,5591
composing,1,5592
confirm,1,5593
lonely,1,5594
Bird,1,5595
unmarked,1,5596
stimulate,1,5597
fight,1,5598
dispensing,1,5599
expiation,1,5600
stricken,1,5601
swelled,1,5602
slippery,1,5603
flowed,1,5604
impending,1,5605
gifted,1,5606
touchstone,1,5607
Morning,1,5608
Excellent,1,5609
brisk,1,5610
holding,1,5611
Park,1,5612
unfriendly,1,5613
indicated,1,5614
coupled,1,5615
stays,1,5616
hastening,1,5617
inspire,1,5618
woods,1,5619
decorated,1,5620
legal,1,5621
solitarily,1,5622
mock,1,5623
gaily,1,5624
minister,1,5625
acre,1,5626
gestures,1,5627
sample,1,5628
carries,1,5629
tricks,1,5630
indolent,1,5631
oddities,1,5632
sympathise,1,5633
Clayton,1,5634
wrapped,1,5635
couplet,1,5636
Rousing,1,5637
thrive,1,5638
claiming,1,5639
abstained,1,5640
dashing,1,5641
tempers,1,5642
partners,1,5643
worldly,1,5644
bewitches,1,5645
cheerless,1,5646
survey,1,5647
harmonise,1,5648
extend,1,5649
sell,1,5650
destin,1,5651
avert,1,5652
spoilt,1,5653
debased,1,5654
vanish,1,5655
falls,1,5656
treasuring,1,5657
Son,1,5658
notes,1,5659
novelties,1,5660
masters,1,5661
differing,1,5662
shifted,1,5663
languid,1,5664
Children,1,5665
Boarding,1,5666
unclosed,1,5667
oath,1,5668
sleek,1,5669
cook,1,5670
introduces,1,5671
knight,1,5672
bursts,1,5673
personage,1,5674
personally,1,5675
Absolutely,1,5676
speck,1,5677
beau,1,5678
reigning,1,5679
inability,1,5680
useable,1,5681
wan,1,5682
expectant,1,5683
waded,1,5684
tremulous,1,5685
pulmonary,1,5686
fancies,1,5687
demerits,1,5688
newspaper,1,5689
embraces,1,5690
flurry,1,5691
mutterings,1,5692
bids,1,5693
infancy,1,5694
undue,1,5695
preached,1,5696
locked,1,5697
precision,1,5698
assertion,1,5699
disordered,1,5700
permit,1,5701
appointed,1,5702
saffron,1,5703
forms,1,5704
borrow,1,5705
travels,1,5706
surmises,1,5707
plantation,1,5708
formation,1,5709
accounting,1,5710
quadrille,1,5711
styles,1,5712
weddings,1,5713
prefers,1,5714
revive,1,5715
pore,1,5716
accuse,1,5717
coarseness,1,5718
comparing,1,5719
thou,1,5720
gloried,1,5721
demanding,1,5722
courageous,1,5723
cherries,1,5724
ring,1,5725
emulate,1,5726
beginnings,1,5727
useless,1,5728
Dancing,1,5729
seduced,1,5730
orphan,1,5731
Handsome,1,5732
Balls,1,5733
badly,1,5734
quieter,1,5735
gifts,1,5736
inroads,1,5737
craig,1,5738
dispel,1,5739
curled,1,5740
honesty,1,5741
outree,1,5742
broadly,1,5743
unasked,1,5744
fling,1,5745
flame,1,5746
disturbing,1,5747
Farmer,1,5748
flocks,1,5749
weighs,1,5750
twisted,1,5751
ruin,1,5752
hardy,1,5753
doings,1,5754
fed,1,5755
dishes,1,5756
parsnip,1,5757
retort,1,5758
interposed,1,5759
acquitted,1,5760
depart,1,5761
Graham,1,5762
possesses,1,5763
sons,1,5764
crosses,1,5765
Altogether,1,5766
slope,1,5767
guileless,1,5768
enabled,1,5769
slavery,1,5770
scornful,1,5771
teaches,1,5772
Cramer,1,5773
seconded,1,5774
Chuse,1,5775
privately,1,5776
assistant,1,5777
smartened,1,5778
insipid,1,5779
aids,1,5780
prohibited,1,5781
discussing,1,5782
briefly,1,5783
coachmen,1,5784
encourager,1,5785
ungenial,1,5786
inclines,1,5787
converse,1,5788
tremor,1,5789
whispers,1,5790
Once,1,5791
hang,1,5792
Pleasure,1,5793
surprizes,1,5794
lighted,1,5795
helpmate,1,5796
preface,1,5797
overcoming,1,5798
universal,1,5799
rudeness,1,5800
shrunk,1,5801
Real,1,5802
arranging,1,5803
discussed,1,5804
garters,1,5805
trembled,1,5806
Perfect,1,5807
demanded,1,5808
souls,1,5809
follies,1,5810
inflicted,1,5811
solicited,1,5812
outwardly,1,5813
properest,1,5814
tens,1,5815
expressly,1,5816
absences,1,5817
vex,1,5818
clemency,1,5819
wearied,1,5820
flower,1,5821
sin,1,5822
forestall,1,5823
Richardson,1,5824
Church,1,5825
disclaimed,1,5826
daringly,1,5827
absorbing,1,5828
laying,1,5829
wins,1,5830
wrap,1,5831
waters,1,5832
nervously,1,5833
fro,1,5834
Low,1,5835
whirling,1,5836
patch,1,5837
hop,1,5838
hautboy,1,5839
Witness,1,5840
stare,1,5841
shrugged,1,5842
defying,1,5843
buttons,1,5844
bench,1,5845
weakened,1,5846
connivance,1,5847
Tupmans,1,5848
pantry,1,5849
devoid,1,5850
establish,1,5851
haunts,1,5852
represent,1,5853
chilblains,1,5854
shrinking,1,5855
stealth,1,5856
Cobham,1,5857
undergo,1,5858
noticed,1,5859
Philippics,1,5860
dawdling,1,5861
vouch,1,5862
properer,1,5863
tray,1,5864
largest,1,5865
Austen,1,5866
repaid,1,5867
accents,1,5868
tormenting,1,5869
compress,1,5870
physician,1,5871
meets,1,5872
sitters,1,5873
Intimacy,1,5874
impudence,1,5875
midsummer,1,5876
amounted,1,5877
Smiths,1,5878
fixing,1,5879
indicate,1,5880
Except,1,5881
Keep,1,5882
errs,1,5883
blanche,1,5884
Trust,1,5885
flavour,1,5886
gainer,1,5887
changeable,1,5888
saddle,1,5889
completest,1,5890
requested,1,5891
Caroline,1,5892
wreath,1,5893
Engaged,1,5894
hated,1,5895
mourners,1,5896
car,1,5897
drizzle,1,5898
subsided,1,5899
expedition,1,5900
hunting,1,5901
Dublin,1,5902
brunt,1,5903
affecting,1,5904
sums,1,5905
contribute,1,5906
hat,1,5907
palatable,1,5908
unexamined,1,5909
explored,1,5910
stuck,1,5911
Madness,1,5912
rubbers,1,5913
coddling,1,5914
Reports,1,5915
protected,1,5916
seminary,1,5917
mildest,1,5918
quickened,1,5919
fails,1,5920
Fourteen,1,5921
regulate,1,5922
powerless,1,5923
Used,1,5924
demurred,1,5925
conducting,1,5926
helping,1,5927
forgiving,1,5928
Seven,1,5929
backward,1,5930
circles,1,5931
shows,1,5932
slices,1,5933
strangest,1,5934
abhorred,1,5935
leniently,1,5936
pick,1,5937
behalf,1,5938
infamous,1,5939
combated,1,5940
lessening,1,5941
accrue,1,5942
pursued,1,5943
purchased,1,5944
gains,1,5945
blooming,1,5946
correspond,1,5947
non,1,5948
stationary,1,5949
grossly,1,5950
pitcher,1,5951
hows,1,5952
Voices,1,5953
amounting,1,5954
fidgets,1,5955
defend,1,5956
par,1,5957
palliate,1,5958
unfolded,1,5959
inspect,1,5960
seaside,1,5961
festivity,1,5962
sheet,1,5963
guinea,1,5964
enquiring,1,5965
ahead,1,5966
errands,1,5967
Dining,1,5968
replacing,1,5969
chained,1,5970
Open,1,5971
ambition,1,5972
timidity,1,5973
specimen,1,5974
avenue,1,5975
exterior,1,5976
lavished,1,5977
Wrapt,1,5978
lungs,1,5979
stirred,1,5980
bar,1,5981
throats,1,5982
interior,1,5983
Madeira,1,5984
unselfish,1,5985
invaluable,1,5986
rumination,1,5987
quarrels,1,5988
derived,1,5989
modestly,1,5990
dropped,1,5991
pursue,1,5992
exerted,1,5993
Amiable,1,5994
politician,1,5995
ripening,1,5996
obviate,1,5997
pales,1,5998
doatingly,1,5999
befriended,1,6000
consents,1,6001
regained,1,6002
duly,1,6003
obtaining,1,6004
confidant,1,6005
auspices,1,6006
puff,1,6007
foretold,1,6008
twilight,1,6009
ringing,1,6010
attained,1,6011
Compressed,1,6012
Hitherto,1,6013
sixpence,1,6014
whiten,1,6015
affixed,1,6016
commonest,1,6017
Sorrow,1,6018
fenced,1,6019
permanent,1,6020
High,1,6021
integrity,1,6022
fortuitous,1,6023
engages,1,6024
diligence,1,6025
accordant,1,6026
Proof,1,6027
broke,1,6028
games,1,6029
qualify,1,6030
Success,1,6031
footsteps,1,6032
wink,1,6033
Living,1,6034
lending,1,6035
washing,1,6036
alas,1,6037
dwelling,1,6038
lieu,1,6039
oppressed,1,6040
balance,1,6041
repressing,1,6042
results,1,6043
unexampled,1,6044
deed,1,6045
upbraid,1,6046
knock,1,6047
prized,1,6048
praising,1,6049
intervals,1,6050
exceeds,1,6051
curve,1,6052
disgusts,1,6053
packet,1,6054
reticule,1,6055
Cooper,1,6056
feebleness,1,6057
abundantly,1,6058
ware,1,6059
distresses,1,6060
comprised,1,6061
originally,1,6062
medals,1,6063
edition,1,6064
column,1,6065
novitiate,1,6066
sarcastic,1,6067
Especially,1,6068
battle,1,6069
impartial,1,6070
bluntness,1,6071
proudest,1,6072
agreement,1,6073
reprove,1,6074
ruined,1,6075
hasten,1,6076
detestable,1,6077
root,1,6078
turnip,1,6079
strikingly,1,6080
distrusted,1,6081
slyness,1,6082
retire,1,6083
robbed,1,6084
Walk,1,6085
doat,1,6086
chatted,1,6087
minor,1,6088
Genlis,1,6089
wantonness,1,6090
enmity,1,6091
Happier,1,6092
speedy,1,6093
concerts,1,6094
Baly,1,6095
Cautious,1,6096
treats,1,6097
enigmas,1,6098
consistent,1,6099
assailed,1,6100
dismal,1,6101
gala,1,6102
sequel,1,6103
abused,1,6104
Myself,1,6105
secluded,1,6106
unkind,1,6107
dirt,1,6108
threaten,1,6109
Stilton,1,6110
interpret,1,6111
blundered,1,6112
Mystery,1,6113
dispersing,1,6114
spencer,1,6115
debasement,1,6116
specious,1,6117
exclude,1,6118
aright,1,6119
muffin,1,6120
deceptions,1,6121
hurts,1,6122
entitle,1,6123
nearest,1,6124
fondling,1,6125
industry,1,6126
lot,1,6127
resident,1,6128
Call,1,6129
riding,1,6130
consented,1,6131
insane,1,6132
levity,1,6133
desponding,1,6134
putrid,1,6135
renounced,1,6136
drops,1,6137
Ostalis,1,6138
unbleached,1,6139
despise,1,6140
feeble,1,6141
infinity,1,6142
untoward,1,6143
hazards,1,6144
loth,1,6145
Acquit,1,6146
coarser,1,6147
pronouns,1,6148
gout,1,6149
empty,1,6150
prisoner,1,6151
sideboard,1,6152
teazed,1,6153
abundant,1,6154
forwarding,1,6155
vent,1,6156
varying,1,6157
connecting,1,6158
feigning,1,6159
values,1,6160
rushed,1,6161
Prejudiced,1,6162
cloak,1,6163
Waiving,1,6164
sluggish,1,6165
disposing,1,6166
keen,1,6167
resign,1,6168
engravings,1,6169
receipt,1,6170
singularly,1,6171
coolness,1,6172
mounted,1,6173
ties,1,6174
prosings,1,6175
bond,1,6176
defeat,1,6177
indignity,1,6178
release,1,6179
Want,1,6180
Goldsmith,1,6181
gammon,1,6182
fetches,1,6183
invariable,1,6184
waltzes,1,6185
syllables,1,6186
matting,1,6187
liquor,1,6188
deviation,1,6189
accosted,1,6190
tremblings,1,6191
intimation,1,6192
curs,1,6193
needlessly,1,6194
dissipate,1,6195
unevenness,1,6196
unprovided,1,6197
pure,1,6198
forwarded,1,6199
closer,1,6200
theirs,1,6201
dying,1,6202
misspent,1,6203
figures,1,6204
flushed,1,6205
regarding,1,6206
produces,1,6207
apologised,1,6208
detach,1,6209
foreboded,1,6210
Clara,1,6211
ceiling,1,6212
sucking,1,6213
meditating,1,6214
traits,1,6215
ribbons,1,6216
comment,1,6217
contain,1,6218
regulated,1,6219
timid,1,6220
muslin,1,6221
Peculiarly,1,6222
Arthur,1,6223
Fetch,1,6224
nnight,1,6225
assented,1,6226
unabated,1,6227
route,1,6228
repentance,1,6229
waiters,1,6230
magistrate,1,6231
Offices,1,6232
fricassee,1,6233
stating,1,6234
discerning,1,6235
ornaments,1,6236
portioning,1,6237
correctly,1,6238
scepticism,1,6239
brick,1,6240
unadorned,1,6241
shepherd,1,6242
reports,1,6243
Rather,1,6244
fence,1,6245
streets,1,6246
Surprizes,1,6247
pent,1,6248
decides,1,6249
unconcern,1,6250
messages,1,6251
elect,1,6252
expiration,1,6253
thaw,1,6254
mud,1,6255
stagnation,1,6256
Lady,1,6257
heartfelt,1,6258
illiberal,1,6259
threadbare,1,6260
Warmth,1,6261
zigzags,1,6262
Hymen,1,6263
fore,1,6264
sweeping,1,6265
ungenerous,1,6266
freeze,1,6267
mortify,1,6268
baskets,1,6269
Absence,1,6270
methodical,1,6271
commanding,1,6272
pardoned,1,6273
confide,1,6274
clinging,1,6275
falsehoods,1,6276
impolite,1,6277
buy,1,6278
Mitchell,1,6279
traffic,1,6280
forbade,1,6281
waltz,1,6282
nominal,1,6283
seats,1,6284
mode,1,6285
imaginist,1,6286
Difference,1,6287
league,1,6288
literally,1,6289
rendering,1,6290
Trouble,1,6291
Believe,1,6292
whim,1,6293
awakened,1,6294
ungallant,1,6295
lifted,1,6296
Wish,1,6297
travelled,1,6298
strive,1,6299
internal,1,6300
pained,1,6301
Conceive,1,6302
School,1,6303
drowned,1,6304
feeding,1,6305
losses,1,6306
magnified,1,6307
Harry,1,6308
wisely,1,6309
eligibly,1,6310
recital,1,6311
commended,1,6312
impelled,1,6313
steadier,1,6314
pretended,1,6315
indelicacy,1,6316
estimated,1,6317
Sept,1,6318
grey,1,6319
floated,1,6320
secures,1,6321
fruitless,1,6322
Women,1,6323
deposited,1,6324
eyelashes,1,6325
fills,1,6326
robe,1,6327
awoke,1,6328
acquiesced,1,6329
unsafe,1,6330
veils,1,6331
grievously,1,6332
dupe,1,6333
contract,1,6334
solemnity,1,6335
fidgeting,1,6336
indecision,1,6337
alphabet,1,6338
impair,1,6339
coaches,1,6340
verified,1,6341
greatness,1,6342
lectured,1,6343
Five,1,6344
testifies,1,6345
Judge,1,6346
arrow,1,6347
vocal,1,6348
Receive,1,6349
supposes,1,6350
performers,1,6351
recourse,1,6352
envied,1,6353
whichever,1,6354
preceded,1,6355
impulse,1,6356
curls,1,6357
uncivil,1,6358
queen,1,6359
bailiff,1,6360
northward,1,6361
rued,1,6362
waking,1,6363
contrasted,1,6364
Service,1,6365
narrower,1,6366
loudness,1,6367
conniving,1,6368
dust,1,6369
lessons,1,6370
fitted,1,6371
shaded,1,6372
sails,1,6373
designedly,1,6374
pop,1,6375
felling,1,6376
oppressive,1,6377
departed,1,6378
improving,1,6379
paternal,1,6380
owner,1,6381
Mistake,1,6382
wheres,1,6383
slept,1,6384
shy,1,6385
fervour,1,6386
sufferers,1,6387
desultory,1,6388
preclude,1,6389
lacing,1,6390
veneration,1,6391
dictate,1,6392
pencilled,1,6393
creditably,1,6394
espionage,1,6395
outrage,1,6396
adored,1,6397
misbehave,1,6398
smoke,1,6399
aimable,1,6400
workmen,1,6401
routine,1,6402
sack,1,6403
extricated,1,6404
demand,1,6405
awes,1,6406
creation,1,6407
tune,1,6408
Agreed,1,6409
aspersion,1,6410
Ought,1,6411
select,1,6412
stoutly,1,6413
discontent,1,6414
Great,1,6415
passive,1,6416
entree,1,6417
greensward,1,6418
assorted,1,6419
purest,1,6420
Patroness,1,6421
tosses,1,6422
Beautiful,1,6423
appease,1,6424
reserves,1,6425
commend,1,6426
prolong,1,6427
repugnance,1,6428
twofold,1,6429
Methodical,1,6430
winning,1,6431
overrated,1,6432
literature,1,6433
admirably,1,6434
ing,1,6435
guilty,1,6436
Theodore,1,6437
Kindled,1,6438
Towards,1,6439
enormous,1,6440
abolition,1,6441
pools,1,6442
mixing,1,6443
Ill,1,6444
province,1,6445
maids,1,6446
Sixty,1,6447
rarity,1,6448
deposit,1,6449
grievous,1,6450
nourishing,1,6451
soothe,1,6452
fastidious,1,6453
inventing,1,6454
espalier,1,6455
weakly,1,6456
usher,1,6457
Grandpapa,1,6458
secrets,1,6459
fatiguing,1,6460
ciphers,1,6461
lawfully,1,6462
stars,1,6463
prolonged,1,6464
remainder,1,6465
Smiles,1,6466
unspent,1,6467
gaiters,1,6468
issued,1,6469
secondly,1,6470
Holyhead,1,6471
exchanging,1,6472
unmarried,1,6473
remarks,1,6474
insight,1,6475
term,1,6476
bound,1,6477
deathbed,1,6478
Composure,1,6479
capricious,1,6480
readier,1,6481
steaks,1,6482
Wakefield,1,6483
dyed,1,6484
cattle,1,6485
plainer,1,6486
corn,1,6487
brightened,1,6488
bulky,1,6489
attaching,1,6490
nicety,1,6491
works,1,6492
vault,1,6493
honours,1,6494
measured,1,6495
Blessed,1,6496
war,1,6497
freaks,1,6498
Misses,1,6499
irksome,1,6500
unvarying,1,6501
purity,1,6502
created,1,6503
win,1,6504
unluckily,1,6505
merited,1,6506
capacities,1,6507
overboard,1,6508
heretofore,1,6509
breast,1,6510
glibly,1,6511
labourers,1,6512
knives,1,6513
resulted,1,6514
fare,1,6515
cherishing,1,6516
measuring,1,6517
Books,1,6518
accession,1,6519
ulcerated,1,6520
begs,1,6521
dish,1,6522
haphazard,1,6523
wicked,1,6524
hired,1,6525
inclining,1,6526
dispelled,1,6527
drifted,1,6528
Vicar,1,6529
players,1,6530
Hum,1,6531
productive,1,6532
stomacher,1,6533
cloud,1,6534
contracted,1,6535
drunk,1,6536
alliances,1,6537
linguist,1,6538
bravado,1,6539
greatcoat,1,6540
tempting,1,6541
covert,1,6542
dews,1,6543
chambers,1,6544
fat,1,6545
Put,1,6546
errant,1,6547
clergyman,1,6548
subscribe,1,6549
scouted,1,6550
confuse,1,6551
briskness,1,6552
conferred,1,6553
weaker,1,6554
effusions,1,6555
Green,1,6556
fidget,1,6557
stipulate,1,6558
Supposing,1,6559
accusation,1,6560
antagonist,1,6561
chapter,1,6562
roasted,1,6563
jumping,1,6564
pensive,1,6565
affability,1,6566
minority,1,6567
sting,1,6568
mostly,1,6569
provoke,1,6570
Almane,1,6571
requesting,1,6572
divined,1,6573
Master,1,6574
begging,1,6575
divert,1,6576
vicinity,1,6577
Busy,1,6578
direful,1,6579
joints,1,6580
ceasing,1,6581
detached,1,6582
intimately,1,6583
criticism,1,6584
stolen,1,6585
clearest,1,6586
Fortunate,1,6587
Married,1,6588
cloth,1,6589
consequent,1,6590
finishing,1,6591
unfelt,1,6592
forgave,1,6593
undaunted,1,6594
unimpeded,1,6595
effecting,1,6596
glossed,1,6597
erection,1,6598
doubled,1,6599
allusions,1,6600
Italian,1,6601
educating,1,6602
adherence,1,6603
houseroom,1,6604
failures,1,6605
cautiously,1,6606
relic,1,6607
fellows,1,6608
wandering,1,6609
shops,1,6610
indefinite,1,6611
sunshine,1,6612
rambling,1,6613
featured,1,6614
erroneous,1,6615
habitation,1,6616
disrespect,1,6617
lock,1,6618
obstacles,1,6619
quicken,1,6620
hypocrisy,1,6621
fearless,1,6622
brace,1,6623
adieus,1,6624
vacation,1,6625
French,1,6626
bleak,1,6627
bangs,1,6628
enemies,1,6629
twinkling,1,6630
rheumatic,1,6631
refuted,1,6632
caresses,1,6633
extended,1,6634
sauciness,1,6635
